UserID,TagCount
8051,1
109,25
133,5
15896,106
25914,1
26356,1
36082,1
59214,3
42599,1
45356,2
58089,1
62348,7
68441,27
36004,1
52180,1
19576,45
40282,2
22453,5
24815,1
25646,7
68076,16
3017,30
26291,3
47479,1
55841,37
58441,3
19714,5
40136,7
9264,1
23011,58
67042,2
14280,1
22125,2
38728,1
39033,27
43666,1
69986,1
35530,2
37762,3
49914,1
61836,9
70223,25
41070,1
51259,10
70623,1
28160,2
37857,1
52595,12
28654,1
33251,26
57245,7
59894,2
1652,2
15105,3
15974,1
25890,14
18168,2
18205,3
43527,10
62625,4
70369,2
26285,1
8043,93
29740,1
36619,13
44744,1
63303,1
13537,1
21872,17
29850,160
4352,2
17489,1
18271,1
26617,5
33074,9
33694,1
69738,108
70560,1
15399,4
15853,34
23032,686
29674,6
49613,1
62547,4
68230,5
3976,1
19909,68
41688,2
51059,2
170,1
1117,11
3785,2
19106,66
40217,4
17615,2
21814,2
33141,2
43449,4
69867,49
6362,192
25244,9
69504,2
33579,10
48164,3
52572,1
56044,5
70287,5
3304,50
6038,8
16987,1
20141,1
24641,2
30491,1
11577,34
67840,1
13049,1
48006,16
60450,10
64540,121
68657,7
12356,1
57671,21
60693,6
65533,1
65713,5
71140,27
15626,1
19793,1
35461,1
60738,7
34325,2
44680,1
15751,1
67831,7
2075,3
8321,1
16349,1
48097,1
53279,3
53988,2
55935,8
7530,1
28039,2
46085,62
51832,10
34757,8
40209,14
41829,2
46672,1
4003,1
12313,3
12383,2
22041,3
5461,1
17205,4
29947,5
32101,1
20263,1
49148,1
17725,2
24263,12
32570,1
49661,7
69719,47
8604,10
61259,1
66213,1
50000,2
54857,1
59677,1
3104,4
11613,781
43366,3
47489,2
47357,2
68810,66
1663,27
15987,2
23829,1
25462,1
53127,3
1036,2
2477,25
4087,1
7939,11
31990,1
33771,1
45236,1
944,77
6352,4
18660,3
46031,1
10051,1
27152,3
45987,18
52464,1
68912,6
877,5
10683,1
11104,3
14895,24
36685,1
44567,2
7885,19
11050,1
37025,1
13318,4
15959,1
19533,2
29360,1
42490,2
67330,5
17597,9
21457,1
34420,2
70151,6
19806,1
22462,1
26624,52
54362,1
64280,1
69517,29
11511,4
11510,10
18730,1
59246,1
9792,1
25346,1
37899,1
40368,1
1355,33
9737,5
21171,1
21205,4
40827,2
45187,2
6946,2
33577,1
45190,174
50604,3
55414,41
6189,3
17632,6
23618,1
69213,5
19546,1
22815,109
38047,2
46375,24
49276,46
33196,1
62815,30
39901,1
64364,1
20440,1
60670,4
69291,3
39677,46
23389,2
39082,1
68105,5
52881,1
20385,1
20435,2
13595,1
67592,5
6496,3
15745,1
25752,3
35821,90
39341,3
65667,2
68304,35
1338,4
18853,3
30756,1
32264,6
41335,2
42228,2
57973,87
62474,12
9733,1
18461,5
22931,1
25408,2
41178,184
54163,1
67954,3
69796,7
9807,2
18295,4
29490,15
67658,5
70899,2
127,26
14099,2
48128,18
69935,73
71424,28
673,1
9077,3
69875,31
48,2
20025,6
22872,10
60195,1
67936,3
70946,25
10783,3
22066,1
42154,3
11912,4
21349,31
30174,1
32195,1
55790,4
10059,5
15168,2
25412,7
26563,1
39054,1
52591,1
64370,2
11114,256
25933,3
41740,128
69805,2
7711,2
40101,1
43189,25
70608,5
5978,2
29668,12
68618,5
12543,1
21767,11
25038,151
30836,3
46656,8
48856,3
51761,1
55936,3
17561,2
20950,2
64712,1
66028,1
11411,10
29538,73
31296,2
52147,1
70037,2
29501,19
37580,1
60317,2
61379,1
63116,4
1118,5
24929,40
25913,1
53428,1
580,4
3962,182
15707,1
36907,1
64961,1
1188,3
40033,1
10181,11
31179,15
34918,1
36784,341
51013,4
54371,2
65595,1
1728,1
45583,3
66406,4
67139,1
71331,194
7252,1
37782,10
49309,4
1170,3
34145,2
57464,1
63578,1
1295,2
44895,1
45286,7
62323,2
16754,7
62880,16
28342,2
32508,4
38902,1
40465,3
48395,35
17647,168
18510,2
40260,1
45658,1
53610,2
60885,5
7357,1
43706,1
54808,2
65436,511
17054,1
16174,2
21420,1
30613,1
36875,1
37037,7
52610,7
66289,16
2429,8
19970,4
23129,1
24201,2
33231,1
8858,2
11563,1
423,2
8434,4
22302,28
39609,1
65064,2
68899,1
4737,50
7919,2
19933,15
25867,3
28496,1
61700,1
64489,1
9117,74
28180,6
47066,1
71512,1
778,7
23922,2
31822,1
43213,252
43700,1
54528,2
39607,5
45129,255
3595,26
13376,1
58657,5
8621,1
14709,1
37148,4
46685,2
47780,8
71323,5
28731,2
66524,1
67966,6
760,1
14910,2
26487,3
69646,3
18206,1
30547,1
35069,1
49265,220
57475,25
68989,25
69253,20
4575,1
8699,12
13688,3
25044,1
27238,5
33385,1
39985,25
46959,21
6927,1
8584,3
39890,2
40284,3
65290,2
4517,38
6264,7
12451,34
27648,1
31156,1
55620,1
687,1
5020,5
7635,1
11802,12
26740,2
38256,1
50783,11
63272,1
18724,3
35899,2
48641,1
62691,5
13056,2
18712,40
19886,2
65985,7
3224,2
22609,23
33126,2
69551,1
8669,1
9463,5
17288,255
28281,4
58601,1
71529,3
1282,30
17412,26
30167,922
60963,5
66825,1
2136,1
40294,339
43641,1
58245,2
2904,1
26942,1
28438,1
34704,10
47613,3
2901,24
17464,1
25268,4
48871,2
60002,1
34157,1
65522,7
2571,1
3419,1
14239,9
23761,1
39156,1
5223,2
5706,6
10479,2
11809,3
13970,2
21655,4
57127,145
5831,5
18711,1
22713,90
51933,3
52243,8
39513,5
850,16
32521,1
41468,2
70775,7
11338,9
21624,6
33659,20
60371,2
62646,2
65189,3
71455,9
33522,3
41103,1
43792,309
6082,1
25907,47
32011,9
38848,202
45586,1
64969,1
1042,2
9006,14
28129,2
48600,237
60166,5
1946,5
16206,2
23850,68
28855,20
32747,6
37173,1
45320,1
53858,38
46083,3
54129,13
22198,36
23360,2
10644,2
70878,1
27662,9
29948,7
59708,1
61399,2
14160,29
51615,2
12818,2
45562,1
67010,1
4198,1
65647,1
1547,1
16462,1
25976,1
57458,11
5462,6
16108,1
19741,1
24885,2
25679,56
36829,1
43281,1
51198,53
19840,1
28948,1
30139,1
48038,2
28427,2
31625,1
43004,2
56950,2
60039,3
24076,2
49043,17
54250,1
8148,6
59686,1
60206,1
65881,3
240,1
10894,7
24517,21
47539,3
47677,1
67691,38
17541,11
40003,4
67066,24
3369,4
19562,18
49838,1
1379,1
9470,1
18933,1
48506,5
52427,3
59182,116
63872,1
66389,8
45398,3
56453,1
1504,8
2854,129
17978,1
44485,26
51707,8
58693,1
35160,2
60607,1
65637,1
19928,11
46931,1
47208,1
51692,6
59304,1
35408,18
71155,25
5166,1
27307,3
54217,24
2891,1
5593,1
33202,2
60692,1
14599,47
18304,1
57606,1
18015,436
67538,2
9799,2
15650,4
51232,6
49935,2
65869,7
48776,2
23865,1
2346,18
12691,3
20061,1
37266,2
60307,26
22595,2
11421,1
12265,50
19519,10
37938,1
38914,1
20554,1
21188,20
46523,1
52917,1
60772,1
21362,2
36678,12
43387,1
50949,6
66834,5
62373,3
23221,2
43966,3
64515,3
27302,1
38168,2
47165,2
65293,53
68604,25
6471,4
36659,1
24954,2
51301,2
5829,34
18384,3
66152,10
10167,1
19620,11
69068,6
299,5
16850,4
24132,126
53382,1
55327,5
69155,6
7373,1
46624,1
51136,1
51820,1
52459,1
64408,12
14029,6
42552,3
47040,1
70520,2
6052,1
14953,1
35462,1
37714,1
21184,3
25197,10
40664,1
42254,1
1496,6
17384,6
21488,5
37168,7
66893,1
25649,4
53192,35
71254,26
9085,1
16862,1
21301,1
47243,5
54716,17
58561,2
8997,1
28082,1
31682,1
56091,22
61120,1
63661,13
487,5
19475,4
2644,14
19575,3
64858,1
66149,39
71478,8
1267,1
11608,1
20133,4
24807,1
35415,1
48621,260
52906,41
61154,1
20391,1
47438,31
10652,3
17044,256
70525,2
47717,1
57187,1
66650,20
5321,1
20128,1
35335,1
51218,1
10639,3
11825,1
12100,2
25388,1
64344,16
5182,1
28798,1
30646,2
34374,1
38243,1
13216,2
36600,1
728,25
11555,1
15037,1
68252,1
69707,6
34226,7
36221,5
36879,20
49120,1
61968,3
17528,2
23733,19
27593,1
44129,9
56959,3
57819,15
63405,1
5031,3
17461,2
35064,4
37491,1
52000,2
68746,1
2706,1
38801,1
43523,1
51336,1
64409,1
68954,1
6722,1
21272,35
24515,8
67488,8
36538,6
37498,2
2546,2
24250,4
42291,1
51526,2
3622,1
4682,1
20226,17
47104,1
67199,18
1600,3
7315,25
8727,2
29892,19
14679,110
31949,6
32127,6
52076,1
34405,252
39065,149
51441,1
60325,3
61216,3
66022,1
6443,1
46121,2
42223,1
65081,2
11220,8
38957,16
38927,50
67277,7
13890,18
25249,3
30088,1
53516,2
13781,4
32919,4
44365,1
62084,1
65122,4
40693,1
44117,11
56561,2
63442,1
66190,5
637,2
13561,6
28350,6
70368,1
19391,60
25454,2
46407,5
64502,2
10516,16
35034,2
43397,3
54637,1
58425,2
65523,2
69341,22
4869,1
61360,1
62042,1
3999,1
15017,1
33880,7
68026,25
788,51
56215,1
5899,7
11451,1
30840,2
52248,1
55146,1
68986,243
11149,2
13694,24
56472,25
59527,4
17215,1
23260,1
13100,1
29018,1
40103,1
71195,7
959,6
26549,2
29369,2
33764,4
37990,3
48290,5
62091,1
2053,2
46804,13
68393,28
69374,93
29787,1
32512,5
57637,1
12621,2
59995,1
62686,1
27441,1
28645,7
1241,5
12866,7
13233,1
45656,19
45711,4
3743,25
8168,1
19171,1
44297,5
52580,8
9529,1
20974,2
28734,2
29961,1
40863,6
60840,2
71062,27
10913,16
13937,5
16565,2
24104,1
24376,14
26243,2
30210,4
37216,132
611,1
20003,1
44468,4
64886,1
67635,1
19864,3
34579,8
68354,1
15793,1
15817,1
26309,1
26819,1
29401,1
36151,214
57082,1
64411,4
3313,3
26116,129
3057,5
55197,4
60989,2
8758,1
41859,6
42122,10
45938,1
51816,4
68243,25
7536,6
24240,7
27743,2
28452,6
52021,5
70188,7
12429,2
42698,1
57374,1
58661,2
67856,26
17883,7
19885,437
33751,2
65279,1
4188,2
24708,9
42191,2
65500,89
67418,10
16610,544
21522,234
16591,2
36079,17
62989,60
2589,5
16113,1
16207,2
26855,1
31209,2
43603,53
44644,1
55645,1
1806,18
11090,1
24276,2
30500,1
31820,1
37713,7
51347,1
66929,5
15926,4
21186,2
23172,4034
45049,7
50146,1
58119,1
60374,101
7881,1
23741,1
49361,2
59439,8
62280,2
70816,29
10817,5
51901,3
35785,4
50041,2
65905,1
66238,15
325,10
11258,2
40580,1
59401,113
67500,34
12334,5
52418,2
60674,6
1035,5
38934,2
48802,1
59193,3
67410,1
68718,16
7008,1
8209,1
27072,8
57248,1
70200,12
26582,1
34196,3
40810,1
52409,1
2175,3
16592,1
34900,69
57767,3
26766,1
47221,6
22278,4
35886,1
43593,1
70998,6
2471,14
4913,1
5925,2
6862,1
14557,1
70102,3
9057,1
13436,2
50383,1
9011,2
28113,1
28317,1
38527,14
40488,1
48803,1
56915,1
58527,1
5583,1
25359,1
26284,1
37021,6
41987,1
55232,2
68242,2
4650,26
19460,112
38664,6
59358,2
65298,9
4341,170
8048,3
10791,3
10032,56
21374,217
66279,65
19982,5
59012,31
62572,1
69195,192
5459,1
16048,1
16155,16
23953,10
38112,3
43797,1
63108,2
1988,2
31449,6
40456,30
56900,3
67321,15
51448,5
56124,1
8545,1
8683,491
25323,2
3868,1
10931,5
45050,2
69976,25
60804,1
65392,1
32,1
1613,3
4957,1
10471,1
16140,3
19762,96
2643,221
4375,1
19783,1
28642,2
58686,1
4668,6
20897,28
40375,1
51033,237
52983,42
13283,3
26007,3
32791,4
42054,1
46985,1
55909,1
58001,1
30810,2
717,1
31789,1
69576,12
70253,6
692,25
20040,1
67993,5
69663,5
5859,1
6132,4
10402,2
14660,1
17653,18
18516,1
51086,9
59571,1
48326,8
11638,1
39917,2
44030,53
3860,4
16302,3
18673,7
20189,4
36931,49
67267,2
981,3
15821,3
20355,16
37657,1
58842,2
59999,3
10608,1
51603,243
59474,3
59349,1
63819,2
2692,1
4827,20
30849,7
36548,1
51522,2
57010,1
6477,1
10563,6
23087,6
39104,1
66151,1
66396,1
71037,9
4895,1
5063,3
9426,8
45881,1
63604,1057
23157,1
14918,412
19899,3
35679,1
71287,5
8881,1
34814,1
53379,16
57018,18
71288,1
15647,10
32445,1
13005,3
15702,3
20729,423
23244,2
30616,1
39935,60
55685,1
56886,1
12057,1
57803,3
59078,1
66892,324
68206,1
71055,3
493,1
3058,236
11271,58
16235,4
22723,2
31784,6
45217,2
42592,3
59816,750
46449,2
57315,1
64264,3
68207,25
69480,26
19131,41
24695,4
43779,2
55113,1
63631,2
9946,5
23386,30
44706,4
63698,1
3301,22
56354,29
3251,1
30142,1
59750,2
69778,1
78,1
13821,6
25788,1
55560,1
68263,12
24592,16
28875,1
31509,1
47770,2
56738,1
68988,43
783,1
20809,3
36618,1
57112,1
59889,1
60259,1
63637,1
19520,1
24126,27
67325,1
70730,13
249,1
10329,2
20081,1
2014,6
10272,8
538,12
55700,1
11898,986
12046,13
20821,1
29801,3
25191,91
2316,2
4291,3
6150,1
23052,1
24158,79
24476,113
32293,5
41622,4
66778,1
37001,3
58174,1
8127,1
14598,158
22035,3
25945,1
26674,7
49383,7
52722,1
65607,18
1553,5
30698,2
40088,1
61281,3
69318,1
45156,7
57988,1
3849,3
16003,1
40800,158
54730,3
61481,1
57756,14
36969,1
40855,1
68698,5
38373,1
44730,1
66902,3
67401,8
36637,2
477,35
1056,25
2040,2
10215,3
37225,6
64385,2
30864,2
56941,1
14323,2
57972,15
16094,137
23396,6
37539,1
50517,1
52778,12
40895,12
55124,3
6905,1
28193,1
47540,4
61372,2
64581,1
67268,5
68007,1
69555,28
2658,1
19870,1
27209,1
57546,2
69880,2
2102,3
32365,5
68778,25
21523,1
34745,1264
41609,1
63457,1
4549,5
6400,16
22717,3
23862,8
35660,9
15846,9
56596,1
61915,13
21857,1
42437,1
59461,1
60599,1
64063,1
4254,2
13472,2
52060,2
63583,4
70617,6
68156,5
7317,1
10003,57
27350,4
36803,2
45555,2
6348,4
12941,1
66128,15
67545,1
27604,1
42914,1
75,1
190,26
222,1
30972,1
35814,2
38788,7
39981,7
59444,4
60190,7
67767,2
68523,27
17260,5
42664,1
929,5
17755,107
17779,52
36719,2
12025,71
32035,1
43615,4
48548,1
53059,1
70421,26
71188,5
5227,1
5475,2
16047,1
36280,1
43108,1
52004,1
7740,4
22712,24
59267,1
66207,17
16677,2
37077,1
37431,16
68383,3
35272,1
66770,15
68407,1
10191,8
21440,2
27112,1
53702,1
68628,25
8114,5
12283,1
20438,2
22961,2
25384,1
37786,13
54113,4
55193,6
39746,7
67306,1
3493,2
8905,1
10084,15
61019,1
20262,4
33137,2
54550,2
60158,26
69002,34
2930,1
16234,2
18775,1
44038,1
51844,1
14706,39
23365,2
47078,1
53641,4
55403,1
71534,44
24495,2
39812,4
65914,43
7625,37
52298,3
70313,2
9688,73
9845,1
57274,14
68050,22
69261,1
3174,8
10335,5
30465,1
33641,1
40570,1
57138,2
25821,4
2536,1
44264,4
59355,1
63375,17
64263,1
69140,5
41976,1
44446,1
17463,3
25686,3
31375,1
38745,1
39191,1
47065,1
57102,2
70801,3
38690,2
45070,3
52218,5
69674,6
10020,2
22798,2
27968,1
40648,2
44258,1
53335,1
11653,1
47502,1
21055,6
33333,2
46333,1
54142,1
54786,4
67924,2
1000,6
47911,1
39608,10
4607,1
29343,3
50377,1
62420,2
63926,1
7685,1
39979,1
57832,11
25594,1
38503,1
41788,1
45277,4
50733,35
37061,1
45805,1
54650,18
1443,1
65128,1
38437,1
39689,127
47179,1
23423,8
26913,8
44285,5
59529,27
2556,1
21466,3
53241,5
61352,37
46655,2
62435,3
39617,1
43640,1
51687,2
57380,13
70423,4
70806,25
19923,30
36154,1
57787,1
61377,4
66532,6
12759,12
14141,1
25450,342
26138,1
284,30
23422,1
28581,1
32299,2
52834,3
50818,6
65420,1
67575,25
29193,2
45444,12
46517,2
66726,23
545,1
1510,12
18687,1
32579,1
36243,3
43906,2
64286,1
10523,2
11057,9
34485,4
34958,26
44157,2
29092,1
13718,1
31879,8
38263,1
68818,1
18082,4
51167,2
66978,7
7095,2
20769,1
33052,1
46536,8
68035,10
27407,9
61381,1
66164,1
2218,7
25007,1
29549,2
32861,220
33974,6
42221,1
23063,5
34906,2
38298,1
50265,2
16039,2
29949,3
38502,2
49882,701
62014,9
64821,374
65851,17
13454,24
68864,6
7287,45
11472,5
12088,4
15965,1
29816,1
40492,7
43726,1
5059,2
25286,7
39137,2
68829,3
1107,116
10125,21
23110,287
30225,1
37820,1
13222,5
32411,5
2456,159
8381,13
636,22
1632,46
25606,7
39272,2
18434,3
42337,1
30310,20
44970,1
55315,1
56108,1
35595,5
51027,73
55992,3
28974,6
26504,1
27279,1
31069,1
53429,2
57420,2
3948,1
26589,7
14144,2
36802,7
19587,4
40916,25
3190,1
23437,1
27919,3
57175,1
65867,3
33943,13
35620,3
46762,10
56345,165
2761,4
18878,1
59771,8
22061,3
2842,2
8777,7
12296,68
14423,105
41838,689
54767,1
5228,9
8701,7
19306,3
46824,1
15996,3
17326,2
39831,1
70001,25
33657,1
55468,1
23318,2
24653,1
13870,1
40174,14
46491,10
49449,3
59389,6
67795,31
69489,26
31104,3
46641,1
58019,1
69358,28
70187,6
35223,1
68494,3
52592,1
9889,3
32828,369
60072,5
1757,13
69629,25
17477,2
18114,3
35078,1
51527,4
53473,1
67465,1
1225,11
9245,7
11824,4
17613,1
28101,2
29102,1
37420,1
59165,53
17931,5
9277,3
19832,1
53045,1
71107,30
18506,1
23773,1
41130,108
8930,15
18161,24
33780,14
70213,1
21843,7
24171,3
59379,23
11032,5
11043,1
23561,1
54933,1
68191,1
68961,8
70981,1
6625,8
622,137
17970,1
55211,1
9034,2
10564,8
13054,1
19080,2
58738,1
69668,2
9482,1
14531,2
49493,1
70974,1297
9415,9
58613,1
67363,2
42445,4
50156,1
68543,9
10117,3
15250,1
48011,2
48437,2
70698,44
2743,6
7181,25
8282,1
48920,1
68447,4
69301,5
27061,2
4677,1
13266,9
62539,1
267,1
60971,1
10064,1
55734,1
5956,28
6385,79
11486,2
15899,4
21513,4
31735,1
17427,3
18718,4
26057,8
31854,3
37753,1
58470,1
66480,1
47152,2
62550,15
12272,1
20759,1
20938,1
35442,2
66416,1
11244,3
23814,1
65847,3
13726,5
37972,1
68112,28
4662,1
23796,1
28508,1
51813,1
59219,1
63491,7
64009,80
1751,281
7743,2
21237,2
30515,2
70291,57
22206,1
33586,1
2315,2
13043,8
37195,2
37957,3
60303,1
60359,1
67282,6
5637,71
15436,5
42201,4
54908,4
56030,68
58763,1
26704,9
34881,14
69351,25
13397,3
51112,1
5076,3
15440,3
29985,1
35051,1
36988,11
56608,5
722,8
9593,1
15879,2
28653,20
44464,2
57249,16
44572,2
66527,7
67257,1
16779,12
26583,1
27200,6
51716,2
67422,12
626,7
1894,2
8094,1
19341,3
30711,1
38119,4
38804,1
51230,4
32634,1
34039,1
44847,66
60661,3
61805,6
66390,1
10058,76
11548,1
15789,1
35022,19
46890,3
62425,1
70331,3
457,2
8531,1
2853,1
37239,3
47768,1
48717,1364
56686,2
27984,2
61985,2
68017,1
70743,39
1246,3
19742,2
21062,5
11930,1
12428,8
23466,3
42678,1
51021,1
4022,40
16098,7
20536,1
39047,4
53117,1
71307,1
22461,1
45220,2
49342,2
14570,1
16322,2
18379,1
22095,231
24634,6
25246,1
25330,5
44041,24
63805,1
67756,5
6658,2
51284,22
4335,3
10025,1
12986,8
15264,136
16664,1
37098,1
49236,2
26414,1
35141,9
66804,7
68374,1
8286,1
34334,1
53565,2
58709,7
60509,4
65178,1
65308,4
5494,19
10308,1
25248,12
35315,1
54034,1
32008,1
59785,7
2030,72
31468,14
31937,2
66863,5
28842,1
61020,4
66952,2
14292,3
15780,22
18404,4
20812,2
33866,238
41371,6
985,6
18059,8
29942,42
52576,1
11457,13
19141,1
38391,4
49606,1
64560,1
8585,1
10905,1
3600,1
70562,6
3392,44
68392,1
9469,1
19866,10
31739,1
36306,7
63725,170
33770,14
26771,1
6616,1
15358,6
29680,25
37196,4
62252,2
68570,2
3331,1
12564,2
68424,1
38375,1
39282,35
21339,3
40563,4
8216,1
17782,1
38847,2
46353,42
49626,8
69345,8
2786,1
15844,1
62506,8
70362,1
17900,1
30286,1
36677,1
2513,1
20348,1
24931,1
44484,1
528,25
29701,3
37754,10
56281,4
69891,21
1575,5
9988,2
70793,1
38720,1
60486,4
30477,2
36743,1
39463,3
43308,1
11760,1
23634,2
44737,1
24870,1
67559,1
1210,2
30335,1
42138,6
67889,18
147,2
5002,99
21566,1
35439,1
36495,1
55186,1
59050,3
49492,2
6482,1
11240,6
11420,3
27685,16
31309,1
39431,1
62151,1
5240,1
9522,26
62332,1
67252,6
10420,40
37568,69
44294,15
45478,4
59462,1
8610,16
54066,7
14844,9
20591,8
37934,1
47267,7
57962,15
14222,105
19193,2
9965,1
17266,4
42164,2
52289,2
60901,2
146,1648
1915,7
6119,61
20987,90
24039,2
11277,1
47358,1
21699,3
40776,1
69425,1
17636,1
24230,2
69894,6
20,12
51191,7
15449,1
26785,8
16004,2
16133,5
21847,2
38596,10
46507,2
60334,2
39136,1
45314,1
68002,1
10768,4
12459,1
38854,2
41234,3
48076,1
46127,1
60863,16
1447,14
36413,3
7369,7
28114,1
37023,1
69393,3
70859,1
175,2
3489,26
10309,3
58577,1
26964,1
29061,5
41587,1
48367,1
16419,12
36937,1
34744,6
50510,1
66544,1
69013,1
71212,26
181,4
8824,2
20832,1
28299,1
43992,1
47384,100
58604,2
28877,2
26654,2
35413,1
39362,4
10506,1
23289,31
1860,1
21439,3
21672,8
52129,4
65868,5
922,8
50354,1
6375,1
11368,11
26318,1
30624,3
69737,1
6550,1
26692,1
33843,1
62719,1
18764,6
36063,21
40344,20
71487,3
3205,1
5621,1
57620,2
64534,1
10827,1
14775,2
42104,1
64209,2
66740,16
2212,25
27464,6
68151,2
514,1
1224,26
12458,1
24483,1
40116,1
50069,4
6227,2
20028,1
54087,10
63991,6
9139,1
10936,5
23717,3
52141,2
60713,226
6289,1
8477,2
57778,1
10221,12
11188,1
34680,55
39480,1
53315,3
63232,2
36632,4
11554,2
15714,2
30049,2
50970,300
16389,14
36794,2
47544,1
59433,8
60798,2
69388,182
18666,599
24221,296
51066,1
62637,1
5954,1
35488,3
36612,1
47398,4
51738,5
70664,7
51954,293
6528,2
8702,12
23712,2
56896,17
69135,10
13086,27
46786,1
42144,1
50893,6
65262,3
14036,1
15716,1
47592,2
2985,1
34101,2
55590,42
15087,29
19086,6
48316,2
58203,2
22957,26
36663,3
35455,10
36587,7
41000,2
16836,16
17738,2
31472,1
48052,4
20709,2
25723,1
37877,1
49329,1
59468,13
61910,3
62857,10
66227,28
18093,288
29225,4
30846,3
32283,2
51792,1
65599,1
67920,1
13230,4
14924,1
27297,3
32021,1
34985,146
9595,89
55736,2
16485,1
21693,1
25614,1
39803,1
55314,1
31,5
7944,1
11229,1
55840,74
3192,7
47002,5
48337,37
48370,4
49270,1
67430,9
70350,6
20321,2
31146,2
46441,10
62352,2
880,5
2206,1
16149,1
28681,2
61436,1
22371,3
25269,1
54627,1
59299,3
69820,30
8128,1
50847,13
67594,1
68228,119
7088,26
39050,11
45946,1
35278,1
57977,2
65463,2
66379,15
8517,2
9317,1
31661,8
51372,1338
71483,1
3271,3
12468,1
68163,1
12764,1
27773,1
70299,29
6393,150
43113,67
18983,15
55277,1
36292,3
64037,2
71200,1
1392,5
3911,5
50324,2
60598,2
67230,14
68465,9
70511,2
44604,3
60564,48
19409,1
24026,5
43040,1
56191,2
61327,9
67207,6
13396,1
47711,1
52510,15
24072,4
25570,6
45979,1
57035,26
13738,1
34378,1
60510,3
68623,9
1174,4
18896,3
30147,1
46494,3
1713,7
40254,1
70116,94
8030,1
30490,2
41394,17
46272,1
3320,1
37987,3
54152,2
55491,2
13531,10
17394,1
40689,1
55865,81
64012,1
519,2
13515,27
14149,1
47933,1
70645,25
6224,1
8302,40
16103,1
18457,1
32835,2
34671,21
19066,8
25635,1
51378,4
61137,21
6504,6
50543,1
18092,4
32931,3
35419,1
49996,1
50260,2
60999,1
62141,3
65185,1
19668,5
25712,6
34740,2
12681,3
16574,2
50399,1
65839,2
9017,2
13701,6
25889,2
39084,1
44053,1
55330,29
31786,4
35703,3
48823,1
57786,277
61519,256
13151,1
33240,1
46408,2
2645,3
11228,1
35665,2
39177,17
43353,1
9134,1
22616,2
27778,3
31124,2
39904,1
41201,3
42789,5
65495,1
4146,5
42747,1
42794,1
2200,1
8642,2
35543,1
37396,2
58895,11
71525,1
5325,6
8624,152
12056,32
31317,1
52481,2
68172,5
18979,6
20029,2
32997,2
69866,2
19916,2
48919,7
56298,1
60319,2
2693,5
10885,12
22025,199
27951,14
30984,3
36060,1
63060,1
68117,3
15336,5
18627,1
39946,2
62750,4
62763,1
71556,6
30938,4
1565,1
10094,2
17601,1
18075,1
33481,6
44068,101
47448,820
17937,1
50607,2
52476,5
7551,3
12273,126
13716,15
27935,3
55606,2
57928,1
5936,4
14973,6
2639,1
2771,4
4728,16
46278,1
46695,7
47403,1
17924,3
33994,1
51972,3
65158,4
23099,11
52305,21
4800,1
26316,1
17946,1
34384,3
38635,1
54348,8
59738,2
30275,9
66862,18
16930,141
29709,1
33285,2
45815,1
68660,1
35601,1
65932,2
66136,6
18473,6
49902,1
50325,1
58232,1
67303,3
15816,1
40826,1
11705,1
11758,1
24668,2
28434,1
68707,1
8996,3
10439,1
26242,5
35345,1
5739,51
7538,1
15783,39
62394,2
68267,1
70407,3
39594,1
67126,5
6971,2
27170,1
43670,1
67542,2
713,30
3193,3
28235,1
68883,3
14378,2
36346,2
42367,1
51373,1
70753,115
533,11
4397,7
5757,2
12921,1
22826,1
33235,147
33711,2
54092,1
8892,16
31221,1
39320,6
67189,1
55899,1
29437,1
34368,1
61855,1
64621,1
22578,1
29421,44
30254,1
45894,2
58915,1
17249,1
40872,9
70712,25
23894,3
52930,14
65403,3
36725,5
40737,7
55715,3
69378,9
2455,1
14888,1
60316,14
25915,10
62372,1
13257,1
19963,8
43205,1
63700,1
16031,14
42356,6
51461,1
52806,308
57835,1
7849,1
49065,44
68363,8
28199,2
36559,41
15851,91
27875,2
30388,1
34197,19
35438,1
48167,1
66784,25
67809,5
23538,71
71026,5
9525,1
29202,1
63594,21
66541,2
21708,1
48674,2
49370,1
54503,1
62795,1
69062,5
27430,3
46257,3
50670,2
6785,128
27947,26
34329,11
38390,1
43162,3
67841,1
1682,9
38093,9
40417,5
43744,1
67816,5
34225,2
53859,45
56669,1
71291,26
32656,1
36558,2
42237,1
26881,1
40719,1
42067,1
62055,30
63213,10
44480,1
56200,2
16425,1
23301,4
42186,1
59285,8
1910,3
12221,1
24234,34
38882,1
51466,1
51976,5
13938,11
15178,3
32031,1
69232,6
9060,6
51966,1
55796,1
57022,82
57782,1
8726,1
23411,1
36286,6
61504,1
70426,6
37217,1
44049,57
66020,14
1049,12
3844,34
43883,6
64294,28
4011,7
27923,13
31098,2
48905,143
3386,15
15111,1
27089,1
46754,15
23988,1
39787,2
50606,13
53902,2
66129,1124
13880,2
48173,2
3541,24
19854,4
34755,1
57561,1
70782,36
283,3
21011,17
63873,1
66813,15
28481,8
63717,3
65060,1
68046,25
11335,1
13614,14
21372,19
61544,1
70542,4
24560,1
25055,2
43631,1
59148,7
71497,51
11569,1
12051,2
67171,115
67937,25
14681,4
21426,2
40930,73
58600,2
64601,1
1298,1
30315,1
47528,4
50049,2
6750,1
8707,2
56161,1
4002,1
38121,3
52365,22
53849,6
60296,4
10555,6012
12040,1
12490,1
18797,17
23473,1
14984,2
20121,3
25425,8
26198,1
47945,3
49582,3
64215,3
1457,5
27915,2
46840,3
19402,2
33891,7
67742,1
70100,5
27713,1
51645,1
18151,1
19018,10
41540,1
42551,1
46586,44
22075,20
26454,1
49696,12
58747,3
7704,11
12917,1
53667,1
61878,3
39861,2
51213,5
56535,1
60515,1
20492,1
26685,3
48044,1
27164,2
46807,2
57912,24
4078,17
18048,3
18802,44
18921,3
39302,2
64587,2
69716,1
13167,1
52648,5
14648,43
33784,190
53996,1
68750,25
1024,59
1081,8
46964,3
48743,67
60091,2
68396,1
12949,1
13469,1
14653,89
15992,7
24853,1
38765,1
6571,1
30785,11
61869,626
10132,25
41750,1
59086,3
37419,214
43298,1
51361,12
15385,1
57512,8
7612,8
42937,1
51025,2
66937,2
11515,2
13480,9
28300,15
41640,11
42576,3
61765,3
70120,6
14479,8
28001,1
894,1
26154,1
4912,1
18084,5
29727,5
35583,1
51333,1
69930,5
6323,3
20409,1
23808,2
63507,340
22479,2
30980,6
44697,1
50160,25
35533,2
67119,20
2517,1
22200,2
28154,1
8893,3
31747,1
42888,3
43056,23
47485,2
51673,3
2687,1
25548,3
32848,1
47302,4
60036,9
6302,2
14361,9
35211,1
55699,147
60889,1
25520,1
34796,3
69795,2
63973,1
17835,6
8740,1
52448,3
8970,8
33518,2
62133,3
11255,1
31327,1
33238,2
54817,2
2024,11
58213,1
8194,2
17074,1
25656,2
28665,17
55388,6
69260,1
4697,121
52379,1
61502,1
12554,26
18390,2
33460,40
38722,1
49707,1
57147,1
3106,7
42908,2
51649,19
70485,25
22869,1
34765,1
39760,1
40328,15
60890,2
13914,11
14465,3
23611,1
36033,1
46640,1
62738,4
23228,5
26868,1
57672,2
8589,2
30977,3
44404,3
49879,4
60363,2
70078,7
12888,9
20598,1
33305,24
36527,3
38900,1
66619,18
9283,8
39897,2
22386,6
19493,18
44341,1
47719,1
9970,21
27808,192
60331,1
1393,1
15558,4
24014,1
26987,2
41822,1
63086,1
63198,29
8787,40
15715,48
30879,65
36688,2
48534,1
28414,2
13897,4
14614,22
25460,53
29319,6
1436,16
28830,3
64854,4
68314,13
68747,5
19986,2
26734,7
28421,1
32406,1
43948,12
52328,2
63729,2
4591,1
7195,4
29592,149
32357,2
43501,6
53042,1
10319,1
12391,1
26136,1
26152,1
29402,3
48054,1
62600,1
66970,6
2204,5
5210,1
11162,4
19175,3
49913,26
53347,1
56811,2
374,26
15722,10
17239,2
30687,1
30627,78
31130,4
50878,4
1356,4
7815,17
31813,7
52136,1
66330,5
69436,6
2978,25
5161,21
17559,2
20606,1
40302,1
66032,26
10926,3
14095,1
26765,1
62390,5
45257,1
39,5
11424,18
13029,2
40364,1
40837,3
41753,2
54740,57
68901,5
32369,4
57897,49
5008,1
8423,35
9288,8
12601,3
24532,4
26481,1
46573,1
63336,1
41691,2
44943,1
54735,3
66831,7
67705,6
68947,3
69066,1
41249,5
69245,16
35373,17
11239,3
16983,1
21691,2
47821,1
58567,2
60891,1
68180,1
71536,3
15,1
2108,2
13916,1
32831,2
41745,1
59920,1
61540,5
2953,10
20699,1
40446,3
69200,5
45495,1
69172,6
69660,14
5238,1
12626,9
30897,1
31911,92
43928,1
60229,1
46603,4
26048,2
26528,1
33222,2
57446,1
65007,1
12299,1
12911,1
23449,1
5285,5
28962,5
43591,1
67487,50
1278,2
3527,3
41726,100
52364,2
66328,2
9811,3
38111,2
56347,1
58744,1
71132,1
71394,5
3028,5
4544,1
18946,6
21101,5
12259,1
53065,1
41002,1
43944,1
55693,1
9411,3
33275,1
44054,1
68093,7
49,15
1539,6
35319,1
64500,39
39262,1
50695,1
50888,2
71262,25
2158,2
21930,36
31088,1
59092,840
20734,1
28952,1
14171,17
21811,1
26738,10
55030,2
40467,5
62319,1
68934,1
26029,3
54876,3
30274,6
15329,1
6891,1
6169,1
52235,1
10476,36
14048,1
38348,9
41066,3
41727,1
43699,211
615,2
61274,16
21632,9
37321,3
50533,1
67880,1
43023,2
46033,6
56989,13
66745,2
67826,5
12890,1
38740,2
42676,1
45120,2
52707,144
1198,1
54193,1
55236,1
61240,8
67033,16
68848,2
4137,1
12526,1
28250,1
39629,9
48454,18
57208,1
40743,1
44495,30
67865,5
58417,2
16766,59
23911,7
21878,1
33477,197
34695,5
71448,5
1047,1
27313,3
60556,4
2532,1
14911,3
57645,1
64633,706
70642,1
8217,1
14208,1
33599,4
26712,3
28384,2
41380,1
44241,4
52961,4
18068,3
20144,1
32989,1
54729,1
50846,111
58087,2
68087,17
20108,1
38402,1
71241,6
70066,5
70435,5
71052,2
5917,11
66780,7
70374,3
3710,1
29477,2
34277,1
52678,4
59390,1
71123,2
59499,33
442,5
20758,1
43934,2
63120,6
17094,1
38435,1
57120,2
24573,6
39524,2
46081,1
50464,3
41899,2
62452,96
19532,1
31631,1
70047,25
2435,3
7871,2
38928,1
41644,1
54274,1
1362,10
63542,1
3512,1
17854,1
30886,2
30950,2
10788,7
25831,1
38281,5
42411,5
1920,18
10154,8
17930,4
26920,19
34273,1
64608,1
12309,3
16587,1
18054,2
31381,2
41573,5
51499,1
9976,5
25965,1
56498,2
63395,26
5085,4
11937,2
17688,5
38646,1
51494,2
67070,8
12227,2
13296,4
34801,2
6449,3
13877,1
14343,4
54262,5
682,1
33349,1
55001,8
64133,1
18969,1
36049,18
40603,4
41258,2
45636,1
69838,5
1272,5
19054,2
20432,2
29508,1
36294,1
6068,1
8041,335
18600,9
34133,1
39986,1
45549,1
69767,1
12622,1
17700,1
10521,1
12563,14
62354,1
38340,1
42059,13
52821,1
12028,13
1160,1
9292,2
17312,202
39390,6
23858,29
56568,1
60395,4
61875,2
63976,2
29616,3
48117,1
13748,1
37528,3
69153,4
69590,7
11728,1
31297,2
45631,1
69625,2
12950,1
31068,2
55752,3
61592,3
33585,38
41946,1
62974,2
39839,2
31523,2
38396,53
41238,1
65138,1
476,2
20281,15
46291,1
46369,4
25122,1
39713,3
55433,1
66936,21
7587,1
14454,1
28048,1
34857,38
9127,8
12760,15
35568,1
56861,1
13656,1
16972,1
53905,3
69022,2
70965,2
43072,1
52029,2
63412,12
21,2
2039,2
9029,1
46979,19
47924,1
50028,3
51699,5
61969,1
23388,5811
24205,6
25887,1
29442,89
62565,2
67702,1
28492,48
43718,1
46335,6
14979,2
21517,2
21947,30
35721,2
41464,1
46224,1
69773,25
10356,8
16321,9
52882,32
1967,5
3490,10
7727,8
55398,61
21348,1
24386,2
40957,4
54017,29
54578,1
63556,2
71149,253
1972,3
3825,25
7172,1
37454,86
63458,10
65610,1
58846,1
60324,8
32412,1
1778,3
27306,28
28470,5
8296,3
19619,1
48252,5
9416,2
17307,1
64115,1
67901,2
14246,8
39316,30
41758,1
7725,7
15344,4
19164,1
22701,1
49143,1
7461,3
26537,1
38748,15
41443,1
43017,43
49032,1
1017,7
21838,9
28521,1
49066,1
4356,4
27626,4
40512,2
48487,3
48890,17
20531,1
43102,10
68803,26
16289,74
19804,1
23647,149
28892,32
50403,2
66134,3
56510,2
68943,7
11650,1
13403,38
24231,22
32544,1
48911,2
50503,1
4998,1
12434,3
16751,3
24793,4
29137,23
65174,1
68590,1
70249,2
12064,1
13159,67
32736,57
40194,1
46940,1
51118,240
61235,1
62819,8
6758,41
63347,242
36450,1
49527,4
9030,1
29435,3
25,2
3630,7
20576,1
25801,1
37135,1
59577,8
64809,1
17813,2
21277,7
39799,1
63438,1
65669,9
68722,1
8766,1
23392,3
40347,1
60360,3
9198,1
12267,2
18367,17
28851,1
33171,3
45290,177
58874,1
63603,3
17364,5
21712,3
43350,1
49334,1
63024,1
68755,1
70142,25
19838,1
59327,2
63080,1
383,5
68637,31
20298,1
23572,1
63348,2
7109,2
58236,1
62946,4
15061,5
31702,1
54376,1
57696,1
59557,9
60051,1
858,2
42904,1
59311,4
64062,2
22055,1
36531,7
68055,27
60716,6
7477,1
18786,8
38960,2
60170,1
25461,5
60016,1
1622,2
34030,1
42017,5
57097,1
2732,6
26873,3
32792,11
41154,10
48280,4
11425,2
15937,37
17999,6
31175,264
44643,3
52751,1
65692,1
14946,11
29559,2
45642,3
50440,1
27744,54
59801,2
68118,28
70742,1
10986,6
38271,1
66453,15
10200,1
50011,1
23113,4
71226,2
21558,1
23619,62
64070,2
70342,1
27115,4
38889,7
44361,1
31193,1
34783,7
65301,1
1670,3
3853,5
24049,3
3429,1
10674,11
14421,1
16295,1
13462,1
15663,1
22406,7
36655,2
51123,1
68178,4
49365,1
56620,3
60182,1
69830,25
71509,151
1137,1
2612,1
35002,3
40958,2
48357,1
68415,1
21052,9
53742,2
10739,5
13815,1
40457,3
41391,7
54980,2
67001,17
71414,27
4856,29
47999,1
1858,5
35622,8
36117,1
67907,2
32978,2
48726,1
54060,1
69756,5
71315,27
31170,19
32097,1
52713,5
68044,1
69044,26
21343,17
8409,1
17623,2
21668,1
69310,5
12124,1
12126,5
16890,1
47526,1
68419,1
67524,26
9177,3
14070,5
15286,1
61400,7
61674,3
66553,2
2098,9
17768,3
25416,2
29462,520
32812,6
33797,3
55065,1
55117,1
23753,1
47800,1
56758,1
58023,1
42917,1
67305,5
68584,16
1698,17
6018,1
7354,6
15096,12
17681,3
40388,1
61879,6
6532,1
24266,1
25097,2
7248,6
36882,1
56147,1
66516,15
8463,1
44287,2
46126,13
69940,5
70107,1
6757,4
32294,6
41027,5
57051,13
63352,4
69043,5
2778,1
2852,13
5844,2
18669,12
27620,2
55290,2
55511,8
66457,16
37698,402
50653,1
50721,3
10232,1
18256,4
18742,4
43994,2
48933,1
67697,25
67921,21
9316,1521
19648,1
15437,1
15811,3
21531,1
70062,1
64642,6
19820,7
41661,6
18678,1
21244,2
25741,3
69915,5
16123,2
34295,4
35553,1
40703,1
40813,1
1122,7
36537,1
36667,1
46185,12
52827,1
55737,1
68516,9
68773,29
28473,4
32308,1
52050,2
55280,1
2514,26
24423,9
35779,2
54966,1
58554,2
14578,1
16428,5
32663,1
36553,3
71278,3
2000,1
23947,17
66345,2
937,1
1010,4
10231,1
54723,1
22954,1
51168,2
732,1
14498,3
15804,66
33139,14
42582,1
51416,3
52870,1
27363,3
30584,3
33528,8
38875,271
43867,2
45854,3
48652,1
53155,1
13695,2
29658,1
58804,1
64931,1
69469,3
13346,1
16949,17
17298,2
26508,1
36203,2
63900,1
68708,3
5552,7
6311,18
49151,1
62764,1
62787,1
66063,1
9370,4
42966,1
65805,3
13853,1
17334,1
38662,109
45814,2
51045,1
11245,2
33008,16
35232,1
4905,1
31584,2
39126,2
19185,12
33384,3632
59082,1
69399,15
7637,1
9475,15
34687,11
46116,2
60297,1
67687,17
2801,2
18849,1
69421,1
43881,4
64363,135
68891,6
70243,25
49308,2
50638,1
2766,1
17363,1
40236,2
47654,5
50295,1
2606,41
59496,6
845,9
1724,3
3307,5
35057,7
42868,1
66476,1
66968,28
26733,2
45594,1
64472,4
64423,1
4991,1
31138,1
67068,5
25411,1
32601,14
50992,58
1164,8
2558,1
10844,2
23581,23
52723,1747
53022,2
3039,1
7127,1
15311,3
27337,9
28011,2
28105,1
35105,7
15157,6
17710,4
23910,1
25730,66
62012,130
22089,4
32538,42
65135,2
70760,13
28292,1
39599,1
67749,1
7695,1
11744,186
15044,1
16168,6
54316,7
66533,4
28122,36
17909,34
67608,1
233,6
13048,2
39643,1
55382,1
58160,272
42773,1
63217,1
68967,5
70789,1
6058,3
8619,2
22936,86
32315,1
36347,1
70340,4
498,23
18293,1
21835,1
42688,1
62776,1
64949,1
2276,5
28914,2
32536,3
39791,1
62847,24
548,1
8651,5
11810,1
18998,1
22317,1
38692,11
16758,2
27748,1
37553,23
50228,1
53558,14
54706,2
55762,6
57050,3
55949,1
61065,1
71420,63
4944,12
38726,69
42500,55
60958,12
39393,2
40421,18
56016,1
67666,3
47249,16
60323,2
13014,39
34713,2
71116,3
3478,1
8937,2
71301,27
31040,1
31498,1
37882,1
24117,2

MovieID,TagCount
6666,11
8658,1
2796,1
4995,103
26616,5
26172,14
59118,7
59709,3
26059,1
8981,28
3753,34
1730,6
8522,2
3101,20
4176,3
5036,1
8749,6
32234,5
3467,6
27022,2
47493,4
362,6
346,2
3007,2
2650,2
7994,2
3945,1
27376,1
7700,16
7979,2
5058,2
7150,3
3243,5
7706,13
4055,1
8898,2
1396,26
7060,17
2565,14
1131,8
1140,2
59026,5
5964,1
2996,5
2253,11
3335,2
1639,43
2940,8
1807,1
8602,3
59016,7
44828,5
6747,2
1343,28
4705,5
8718,6
33815,6
7757,6
6293,2
6624,2
8045,4
6222,5
55498,4
6023,12
7782,3
6164,1
8919,2
45722,110
595,68
4122,1
56169,2
586,23
6986,9
6520,1
6270,26
1300,14
2058,16
5601,6
2971,11
8801,5
787,1
2176,21
40,3
167,1
5931,2
59440,3
6356,1
5004,9
33821,1
1591,2
40946,8
955,60
555,20
8870,9
5889,1
2947,58
53207,8
3724,10
8338,18
1409,7
4295,1
60990,1
5635,7
168,12
1032,39
53996,40
5981,3
25856,10
3422,2
4767,1
36752,1
3671,58
1334,12
2264,7
26119,8
1597,26
6350,61
908,69
6651,2
6726,4
4785,8
8725,3
6852,18
3198,16
6663,14
6840,1
5081,5
5469,1
3160,76
6636,6
7076,14
27879,8
302,6
8887,1
5882,12
199,22
4380,5
5378,77
3143,5
3994,73
3412,4
760,4
2355,58
5570,4
3737,1
5279,8
1983,6
6464,1
1846,2
51255,52
5269,21
1963,3
6147,1
7636,2
5453,1
4842,2
26222,11
56748,2
3617,36
38304,12
938,15
6967,3
6924,2
3752,50
5060,48
4713,24
5364,9
40973,1
891,3
2702,6
8961,116
6308,2
3981,7
7331,1
3820,3
31431,1
746,1
63647,5
2051,5
5919,2
3504,29
43011,1
6462,1
5034,8
33085,8
3776,3
5610,1
6629,2
7352,15
49,7
8130,1
64959,25
670,17
6880,8
6785,7
6713,12
31270,6
7993,3
2202,7
2931,9
8827,6
8149,1
6658,5
86,7
3951,3
4422,15
58418,2
4300,3
5477,8
4391,4
34530,3
2129,1
632,1
8803,1
3882,8
6760,3
3983,21
26147,1
63121,3
1947,44
44199,47
5240,1
900,15
4186,5
5600,1
2416,2
55253,24
4641,47
52606,1
475,25
3155,9
4221,3
6268,11
6686,2
2419,1
4496,1
4262,106
7485,10
8527,4
1859,11
2301,13
1273,23
4743,5
27850,8
4104,4
27874,2
3067,17
2054,23
34579,2
7489,15
1372,31
428,15
33681,3
735,22
493,20
8790,1
4523,2
42007,18
2541,10
3552,34
3559,7
64034,5
2247,5
3186,28
4409,7
7926,25
6351,2
4411,6
2673,1
26476,4
7300,3
5111,2
55278,2
7413,1
714,24
516,1
6109,2
4054,9
8501,1
491,7
810,2
6060,4
8487,1
2340,7
6798,6
8984,61
7451,40
3677,43
5751,1
5250,1
6984,9
5118,2
3978,7
3253,25
7082,6
8198,1
8775,1
4200,1
27618,7
58191,11
3693,8
2331,2
2799,2
1389,3
4342,4
2806,1
33903,21
3362,39
9013,6
60522,2
5119,12
27513,2
1005,9
59725,38
4607,1
1021,3
568,2
6807,45
2272,3
6944,16
6981,2
7835,3
5770,11
6570,2
392,1
4276,4
3053,28
1812,1
44972,13
41863,22
8530,18
5517,4
892,6
8206,5
7170,3
8799,4
53318,21
8753,4
4851,3
53988,2
26696,1
32296,6
2071,17
7158,19
57368,30
940,22
1254,33
6625,3
2958,3
1517,32
4399,9
2542,55
7573,25
4531,2
4280,6
4765,1
3360,22
2115,64
2410,17
8253,26
5013,38
3845,8
7112,1
33621,3
1299,19
2387,9
2585,34
61160,2
48560,8
8757,1
6526,3
56333,16
4692,4
6578,1
44929,20
8540,1
7292,4
39398,5
2162,6
3948,43
4169,2
4061,7
6344,3
1101,68
8815,5
55284,12
62394,9
6415,1
1970,3
25963,3
6816,2
30898,10
2020,26
25841,1
37287,1
2633,3
3050,1
30846,11
4619,2
4920,13
2498,3
2599,43
4845,2
6193,2
64418,5
184,1
3151,2
685,13
55288,7
59362,2
55768,9
416,2
2179,3
26073,3
3109,1
49220,8
60516,2
6567,18
7108,3
64575,7
2858,156
48774,126
431,21
511,2
2496,4
34526,1
8134,5
5220,5
8294,1
3202,2
2096,20
7701,8
48682,7
503,1
4238,2
501,18
3174,14
1805,17
6676,2
6552,20
49314,9
1046,12
4390,7
60484,1
4993,196
64906,26
5142,7
26838,9
51694,11
1948,7
166,1
46664,2
4719,2
1244,54
46965,32
36525,12
40339,27
2728,38
5319,12
8302,1
48780,124
26258,14
4545,9
8463,2
2141,7
4750,2
6949,1
40887,2
4215,1
8629,1
55442,43
58025,23
1277,19
7294,5
4883,1
1891,1
52561,2
1837,5
458,3
2841,22
3505,13
4145,1
5059,7
2494,10
6708,48
48,25
30820,11
2344,1
5084,1
4763,5
6892,1
2899,4
827,1
2769,1
2428,17
27846,26
3521,12
6036,1
5201,2
2149,1
26174,1
5640,4
2221,2
2538,2
2751,7
2583,6
7523,2
3232,2
6560,1
50,129
44665,56
48394,169
5177,8
3403,1
51077,26
3759,3
6792,2
7155,12
47976,1
31047,1
6186,2
7215,13
32074,1
281,5
49205,2
45382,11
6405,8
6773,44
8703,1
1194,9
49957,3
45525,2
26561,1
6765,10
5225,58
2065,18
8256,3
3344,6
536,3
7102,10
27648,2
5970,10
3498,15
5354,1
2676,2
55419,1
2139,13
8924,3
54094,2
4738,5
25903,1
6979,25
64280,1
45221,4
3082,33
6619,1
64249,2
480,139
4896,103
5945,20
47261,11
4748,4
50514,9
2459,15
7895,11
5544,7
6918,9
7139,16
31223,13
26550,2
47330,2
4902,17
5506,4
25805,7
43921,6
1211,23
838,33
8772,5
7705,3
42730,33
38992,14
3957,1
58783,4
4681,2
459,1
5810,22
2005,31
7892,3
4247,3
4886,83
8831,3
5526,1
60487,4
1874,1
3013,1
43926,3
6287,14
640,2
4519,7
4888,12
5780,5
1430,1
44759,10
60943,7
1040,1
1082,4
1907,52
8464,58
969,38
27608,9
2209,3
1088,34
4022,37
1068,7
56286,15
3936,6
6649,4
1442,5
993,3
2898,3
4086,11
2847,3
1893,1
7338,9
3091,17
2647,2
7030,2
4088,5
8858,1
3428,3
33896,23
7449,8
5625,2
3047,2
2468,2
27728,12
3200,4
7119,2
2690,11
8681,1
8578,5
1215,67
2027,3
7275,1
3672,1
4299,14
239,7
6228,3
7116,5
56001,8
8852,4
4419,4
36511,1
7201,2
1370,26
54075,3
31247,1
5979,1
42053,3
521,2
45175,5
3639,27
720,24
52579,9
7101,5
62,25
3003,5
40964,3
249,18
1241,33
59256,4
41769,6
2283,5
53468,7
5664,1
7057,2
8596,8
1474,1
3470,6
2160,31
8917,39
37739,8
26084,9
26758,3
2321,40
4274,5
3385,6
4404,38
4383,5
1888,4
4847,11
3629,38
2357,36
3969,16
25962,2
48593,15
58998,34
8906,16
6133,1
27555,1
7221,4
2077,2
4778,3
6533,10
3805,3
3376,2
6845,1
7943,41
6788,1
5405,1
25904,2
864,1
4441,5
8690,8
62586,2
5911,4
2713,2
741,33
26371,3
57353,1
1701,2
5596,2
27255,1
298,1
6436,7
6073,2
2128,3
333,12
3475,14
6644,3
6125,5
4798,8
921,7
3652,7
37384,10
193,18
27773,61
5712,5
6035,12
36539,1
6340,2
2100,13
3730,37
32025,16
62081,18
558,3
6257,3
52545,3
6471,1
1673,35
51709,13
55566,3
2114,12
1485,46
3837,1
4038,1
7419,17
3579,2
4,1
2132,15
6346,8
36535,28
8493,6
5858,4
4589,1
27790,31
5673,43
7618,16
6614,5
8327,21
2404,10
5123,1
963,2
1507,6
34520,12
6847,1
5421,3
644,1
2836,1
42718,16
54881,27
27627,3
8427,5
2483,14
3858,2
502,22
5076,2
2872,39
54736,26
38798,34
26122,11
1350,30
3953,3
2859,10
37853,19
40988,1
48741,6
1209,47
1404,1
54783,3
1376,37
1567,2
6925,2
8011,10
5187,7
2102,3
5632,10
8340,11
26414,3
7064,20
60937,2
902,50
49013,5
8128,5
56715,10
2808,9
60137,5
6539,148
800,13
5752,4
47999,71
62972,6
4188,4
6477,3
3707,8
1168,1
48322,15
55118,44
50858,2
8798,48
3364,9
8769,2
3959,11
442,35
3633,27
1124,14
7176,4
8808,10
26682,1
50477,1
49200,1
2726,23
23,4
6990,4
1041,6
55391,1
2849,1
34523,9
6439,1
7197,4
6116,4
32029,7
6896,3
8656,8
2166,2
4039,7
532,9
52668,6
32770,3
52456,10
4116,1
32596,7
308,19
63189,2
2901,5
5095,3
60405,1
27864,3
3000,99
45728,24
3515,2
7570,25
39886,12
4493,1
8492,9
4876,5
6181,5
7240,2
56339,27
48326,7
2407,13
4976,14
2289,23
4427,17
4117,2
2403,11
5449,8
4914,19
35,6
6841,1
3609,4
361,5
1545,9
7802,9
3379,15
5137,7
42740,8
1735,5
30850,22
7058,3
4393,5
4659,18
5239,2
3950,1
3469,31
44555,71
8518,1
4328,1
4091,6
4560,2
2661,2
7940,12
6105,1
3765,1
27317,12
4037,9
5812,17
3384,14
8973,52
2271,1
5463,7
3134,12
905,28
587,48
54796,6
5473,2
5628,1
1207,81
8807,26
6639,9
6732,3
2349,2
62336,1
2717,17
4042,6
7316,2
919,109
6373,113
3949,93
1431,4
7017,4
4108,1
6371,1
6476,2
1919,7
43,3
4699,9
2073,3
6056,1
8275,4
1587,41
4526,1
5681,1
2903,1
1339,55
7013,48
51991,19
1648,6
4936,12
7090,66
5464,45
32721,3
2905,18
49961,33
25827,13
1937,13
3717,45
2336,19
25865,3
242,6
1009,5
4686,1
158,14
8270,7
3099,13
1130,5
7840,2
3751,46
3150,5
7820,18
8516,6
645,7
26681,1
4199,1
1221,112
31116,9
6564,11
531,6
2554,5
2973,9
55577,1
6334,3
4515,11
37731,12
2820,8
31867,2
2520,5
4733,8
259,2
8465,1
617,3
3075,19
1,140
4363,5
5555,4
1234,50
5174,3
5303,5
3733,11
5298,8
247,44
26810,8
44004,6
57147,1
2430,1
4359,15
2775,1
26791,4
64957,8
5226,4
3196,10
26228,1
7226,1
5798,1
26251,3
54785,6
3272,10
33237,3
5936,1
6118,1
33649,11
2232,35
30816,18
7071,13
6319,2
2704,3
33725,26
26303,13
2881,11
26388,1
912,122
2402,5
5195,5
27689,2
5392,3
43934,4
55872,7
59615,63
1019,6
181,2
4439,4
27368,2
46919,1
36523,2
2104,2
262,12
2373,4
4947,1
27340,24
52279,3
1450,1
7781,2
3545,21
36056,2
4774,6
3796,3
43744,6
8652,1
986,2
6447,1
5251,1
1378,4
7923,1
25885,38
4062,8
4533,15
51082,1
5493,1
33669,3
7161,5
1268,12
3208,8
27706,32
3292,1
6272,2
55255,4
55290,27
4369,16
4808,3
60333,9
47950,18
3557,3
6873,8
3439,15
6002,13
98,4
2804,34
3089,23
37727,8
4562,3
2092,8
2295,3
8980,2
1653,72
3503,44
2136,4
4927,8
3831,14
4063,3
742,1
32170,1
153,53
7311,8
3640,1
3669,5
5182,1
6160,3
1464,41
4799,15
6442,2
3868,17
4570,1
55999,15
527,232
6451,2
7351,4
3524,7
21,23
6648,1
54732,8
36152,1
1288,76
1302,50
2772,4
3834,1
37855,11
4265,6
8454,2
4990,1
43460,33
4840,5
2630,1
8796,4
6930,1
26509,1
5705,3
60983,1
3035,7
3045,3
4909,3
7091,14
26078,3
4704,2
914,60
3548,14
2638,2
2795,15
51931,30
6453,4
7260,10
4961,1
3697,25
3538,11
3311,1
5049,15
5689,1
3483,1
3144,1
325,1
26492,4
3159,16
58295,42
8979,3
2413,12
7002,2
5110,11
2967,3
1227,30
8684,8
1054,3
39421,3
2629,1
2920,19
3185,1
4822,5
27912,20
1950,20
3038,11
4089,9
6899,2
1767,2
1913,16
5990,5
8543,1
8719,1
49278,25
7625,3
32058,5
2774,8
6680,8
31553,1
34150,38
4141,1
26974,16
5511,1
3022,30
58334,2
26413,1
48738,54
3745,6
1230,59
26005,4
55280,17
8576,5
39234,21
61465,7
63222,1
4475,3
1498,2
7395,6
6746,2
4222,2
5720,2
48872,2
3499,28
46948,30
8598,2
3297,1
4372,4
46347,4
58078,18
2167,37
1232,37
2171,6
3507,11
54,1
8985,16
8495,1
8157,23
7354,3
5395,1
5680,3
53161,4
4131,2
5171,22
57640,29
7320,2
58301,3
5039,5
1247,69
5774,2
5669,62
3070,13
5451,9
373,4
6037,14
56915,2
1013,13
8189,3
3129,5
5952,191
14,21
1399,6
8826,2
7020,8
1012,19
2791,38
8188,11
4093,1
2797,65
5444,34
6367,8
5007,2
4502,1
4813,3
6579,1
48214,2
5446,17
7386,18
27812,4
5504,9
4232,7
4565,7
4429,10
24,14
1836,3
4611,2
51471,24
8365,17
7196,2
8635,1
1855,2
5254,42
2594,16
34148,6
8903,2
5903,48
2060,7
6820,7
8642,1
3142,3
2699,15
32179,14
2476,3
4538,1
1679,1
2133,15
26497,1
936,11
6292,1
26038,1
2124,33
4555,3
1010,16
2394,29
4912,6
534,6
1739,8
27636,2
61724,5
8579,1
4357,7
26547,4
7767,23
46772,11
6410,2
3997,8
2363,7
2943,19
2441,1
31035,1
5921,1
53125,57
33188,1
55286,9
5542,3
5672,1
44844,1
2,39
7832,4
6831,1
7132,11
6912,1
47122,1
2524,5
7286,2
27815,6
6039,5
25755,8
7163,18
4492,2
8879,16
31973,1
1940,14
6704,2
27592,22
53123,35
441,26
6005,3
4716,9
60421,4
5448,1
63033,1
805,18
3821,8
3555,17
58246,4
26828,5
2616,3
5135,16
3225,2
6082,7
5934,1
1620,5
1984,4
322,2
427,4
3798,3
5258,10
4148,53
52245,18
63,2
32649,3
27869,3
55094,9
2765,1
8606,6
5731,9
5855,3
1624,1
57528,11
50445,3
8142,3
5117,1
64990,1
36401,25
1949,20
6025,1
7787,9
37729,51
5309,2
2624,18
5817,13
4120,4
4987,1
261,31
8853,1
1586,13
4273,4
8486,1
11,19
7834,7
618,1
3954,1
51094,3
4138,1
3420,9
6952,6
61961,6
49647,13
7789,5
8368,55
2183,33
4866,2
172,24
26163,2
25961,4
2962,2
47937,2
3812,6
8948,13
5962,3
6217,4
40581,5
8017,2
1918,19
3363,45
50442,7
553,24
899,37
1909,35
4639,7
673,6
5384,5
32591,3
62198,5
1037,38
1394,42
3168,29
4440,8
7124,6
8044,2
26606,9
4436,1
5349,79
1428,1
2148,1
3372,2
2501,18
6660,18
3915,8
8710,15
1454,4
4124,8
25826,6
3830,1
1676,65
31878,25
3081,72
6991,3
6156,11
3702,23
27186,9
5090,2
2580,14
62729,1
5978,1
2927,16
1077,10
62049,6
4610,1
2347,2
2018,33
2956,4
34332,17
6236,1
7347,16
784,20
7141,10
6223,3
6540,2
31658,99
7266,4
2724,20
43904,2
2737,1
5290,5
6879,17
8371,10
5516,4
31114,1
1071,1
3760,6
7915,28
53127,7
1978,4
52448,3
7939,11
3107,8
1755,5
34198,6
4021,4
2147,4
293,86
412,9
1251,28
661,20
1347,15
56775,15
4444,9
4368,1
4775,11
49822,35
5706,1
60293,7
26203,4
2158,2
32668,6
2549,6
5153,1
2368,1
7882,1
55908,25
7924,34
3855,33
32009,1
33150,6
7697,1
1804,6
50794,26
5341,5
7075,14
7577,8
2912,8
514,14
1379,1
5147,26
2311,17
34321,8
51412,13
51705,3
63808,1
3560,1
26527,1
464,6
40952,3
3643,2
46723,37
34767,3
47940,4
1440,2
1183,51
27410,31
8662,4
2965,2
1061,23
26139,8
711,4
6605,1
4047,6
3333,1
2750,10
1242,56
2135,5
2302,39
2263,2
5732,1
2681,5
51678,8
7109,4
50447,4
6113,1
888,2
1206,124
2978,1
782,2
1862,3
5586,1
8834,3
175,17
8039,13
2313,56
1269,19
317,9
2840,13
4514,2
54268,2
25788,7
186,31
5940,2
292,13
2163,6
2511,24
1422,3
6672,5
7624,7
134,1
32392,2
1748,75
27416,13
4613,4
2408,1
2528,11
45880,25
3705,4
7480,2
6748,1
619,1
1031,7
31221,24
6508,2
2446,2
151,15
3183,4
1752,1
3338,9
8012,28
53,2
4870,4
8535,5
176,9
2231,35
4679,4
5169,2
4772,1
1527,85
1196,168
6347,2
123,42
5527,19
169,2
53769,1
2420,22
950,11
8954,1
4337,5
2790,1
6753,15
47952,4
1427,1
51086,16
58876,5
7810,4
6900,1
2605,7
7708,5
246,24
4850,4
554,1
42602,1
2300,17
53550,19
3786,19
5222,10
2551,17
39414,17
4707,1
5266,20
3221,7
52101,3
2829,6
349,25
33838,8
2642,19
6063,2
4218,3
8620,12
6231,2
1882,4
3637,1
5445,114
48061,3
766,4
31156,1
8258,2
3921,2
4783,3
5617,38
34532,21
6983,10
7730,1
56028,2
1011,2
8840,1
4036,9
8525,1
7301,10
8618,8
61697,2
46970,44
345,36
8398,2
5300,3
3686,21
4929,2
1554,20
6800,6
34153,24
3466,6
7088,15
7304,2
227,1
3918,1
6326,1
4890,16
8460,1
5439,3
6844,1
2378,4
3793,110
3675,7
6787,75
3841,2
1794,1
3563,3
30883,4
3218,13
559,1
8457,4
4996,1
56174,54
6027,3
2546,2
26002,10
1375,23
2887,4
6547,1
6559,4
1120,28
8459,14
17,48
51091,24
2770,7
5498,18
7749,15
8295,3
7762,12
3401,1
5213,1
5055,6
2779,5
2736,3
4184,3
3727,9
4473,4
60950,23
47997,11
3432,5
3518,2
36527,32
7053,3
4729,14
7441,1
68,2
2444,2
1777,20
6443,6
3487,3
32076,1
4585,1
2325,7
8644,61
1449,30
55110,4
32371,6
2763,24
50923,9
2050,4
2725,1
7247,27
33603,2
7446,2
27888,7
43919,22
5388,22
33171,24
3088,18
5721,7
4237,1
33495,4
4572,4
1419,17
34323,6
56389,4
7036,5
61236,1
8895,1
64983,10
33679,47
6497,3
320,1
47,177
43419,30
2371,5
3512,3
6569,1
8505,4
8811,1
6237,2
31785,4
314,2
5963,5
5208,1
6902,11
26840,8
334,17
6563,1
1911,4
55946,10
32582,9
1733,1
3012,3
1136,123
38038,65
4547,2
7092,35
422,1
853,6
2902,1
27402,3
8614,5
4030,5
25908,1
4466,3
4830,2
5069,13
1179,21
47423,22
8695,6
6315,3
7478,10
52227,2
1056,1
55261,3
5064,42
3161,1
1038,3
55,1
7959,3
1839,1
1633,2
26,15
54503,61
5753,4
26788,10
26366,9
26487,3
6781,4
42556,1
2922,10
4294,8
31429,4
26283,11
1789,4
5358,9
6044,1
50798,8
928,46
6673,1
34018,4
3378,2
4710,5
5152,20
34528,20
4518,3
6409,2
4624,27
8601,9
53131,1
7404,1
2186,27
6947,43
2094,5
2212,2
8341,11
3826,37
43930,4
275,1
5340,1
2377,8
2875,2
8988,1
4827,1
48791,5
1726,11
6607,2
1192,9
4796,2
731,1
3206,1
70,58
8610,8
33722,4
3851,3
7564,11
27837,6
2845,1
4532,2
3306,18
4353,2
3281,2
2934,4
4065,16
5832,5
4080,5
2550,5
5503,19
1541,10
51080,20
54787,3
5859,1
8837,1
6657,1
8519,1
31184,9
1201,56
3492,1
4834,2
5543,1
6400,5
64926,15
33539,1
39390,1
3275,45
8949,57
7111,11
8963,4
3570,1
6490,1
4167,1
27731,20
2002,9
3910,48
7051,2
996,8
55292,1
7615,3
7211,1
1249,44
4552,2
7223,2
7791,1
1643,3
8580,5
7995,1
3409,10
7028,4
50804,9
8401,5
4962,1
5874,3
42725,14
513,3
3942,1
2691,6
1879,7
3154,1
4015,48
1080,73
3166,1
6333,119
58299,15
4903,11
4083,1
6014,12
32387,10
6385,27
7212,8
8385,6
7308,2
7847,1
4753,2
4486,5
5946,2
327,10
4410,2
4835,6
5577,9
8928,10
34499,2
3399,1
5003,4
2952,17
3546,7
8650,2
5031,2
61071,1
117,1
3783,7
8024,1
4617,1
7364,4
1363,9
32082,2
332,3
4720,90
2827,5
6173,6
2433,3
1964,9
3715,2
3502,3
2970,20
26875,1
3393,1
3833,5
5899,8
25927,8
61262,3
45726,8
4612,6
7194,1
5735,3
27808,24
6695,1
135,14
1889,25
2388,1
8957,29
38886,43
2437,17
4921,3
3739,2
1405,18
8693,1
423,2
4189,7
6591,31
44399,7
3456,3
48319,5
4530,1
3140,1
3703,51
5548,2
5742,2
265,23
32646,4
5214,10
41425,8
49274,19
2587,1
7366,11
6254,11
5356,3
1686,6
2099,13
25763,16
140,4
5574,12
4599,1
3167,2
7234,15
78,3
6802,1
6075,1
6107,5
5056,13
7815,1
4727,2
59290,2
8793,1
597,65
5115,4
32361,1
56171,49
1901,3
1729,55
26485,6
27831,25
3801,15
7349,1
4754,20
7023,30
19,17
8450,3
2748,2
26349,2
26504,3
1401,2
3037,11
1953,59
45730,27
2843,21
5856,30
4539,1
904,100
1095,12
82,8
47446,4
1599,6
374,13
2070,7
823,5
26231,15
4508,4
2861,5
1116,1
1295,18
916,32
5046,10
8266,4
1027,36
3433,2
4803,5
8612,4
3224,19
27792,1
2003,21
3763,5
474,16
1744,2
40732,22
5917,2
2688,3
44709,26
6856,17
1696,2
32395,1
2304,2
454,21
7134,4
4735,3
8943,7
3972,22
6283,23
6327,6
4408,2
4824,2
26285,12
2787,5
8147,6
2043,1
1212,84
2145,32
33646,16
3343,2
6429,1
5836,7
25750,17
5547,2
7199,3
4405,1
6212,2
4388,11
2440,1
56145,28
7302,6
33819,2
8376,53
6482,4
5420,11
4595,1
3781,1
27660,28
26199,5
45062,9
5268,1
7045,4
4035,2
421,4
7377,12
4696,1
42002,23
7900,3
2727,2
846,1
6825,2
4325,19
58332,2
4541,6
37741,71
4889,3
4703,8
44197,10
67,1
567,3
6374,4
4790,1
1367,19
6643,14
8998,2
1865,3
85,8
55232,15
56367,66
1423,2
5316,9
4443,6
55154,17
716,8
3773,1
6437,2
6667,2
2988,4
6446,1
38198,2
3424,24
48142,17
58107,3
7089,20
6581,5
8222,1
1721,107
6244,18
7130,10
5668,8
496,7
5200,1
263,6
4676,1
3156,10
6255,7
6513,1
6111,1
3867,1
32460,4
3158,5
7563,2
2722,8
4250,3
55205,1
7225,6
1699,11
4183,5
4632,2
20,7
4298,12
8738,10
42021,10
8841,10
3305,1
3985,6
1625,37
3071,5
4397,1
7128,4
7380,2
7049,2
26965,10
6016,183
1933,8
4251,2
3843,3
5406,1
1412,2
2987,36
6595,9
8848,6
27563,16
3207,2
5404,1
2218,1
3426,1
4950,1
3430,1
3386,36
7285,14
26007,11
60654,3
1184,2
3408,48
6711,98
635,1
738,1
5332,1
1354,27
3368,2
2707,12
5867,4
6299,14
2946,6
4126,2
2782,8
2900,1
4709,1
25744,1
1099,5
3554,3
5219,23
5552,2
3961,3
3442,2
50872,84
60040,7
3726,7
7054,4
5428,4
1819,1
1609,1
3775,2
2161,25
2640,59
33794,145
4490,1
1219,85
26599,29
2757,17
6081,1
5937,14
5293,6
4002,13
7484,10
5502,65
718,2
2617,27
1998,2
4849,1
4301,3
3964,5
8511,3
3861,4
5053,1
5665,1
25825,3
4205,8
5563,1
6188,36
1296,17
3734,6
7137,5
7218,6
3320,3
5897,1
59784,41
1902,2
4644,3
7229,1
2424,57
6864,2
319,28
51662,136
4354,4
8836,9
61246,11
2227,2
1549,1
5462,2
203,6
2412,17
3807,1
1079,42
6090,1
2984,2
2356,3
32017,8
5299,30
3992,13
26270,2
5888,1
3055,1
364,74
26064,25
6458,4
1946,9
4470,4
2038,3
6554,9
7038,7
157,1
4378,8
6151,1
933,17
4242,3
1635,40
5873,4
2932,18
58627,1
26055,11
7828,2
2257,4
8670,9
3076,1
44191,209
34536,12
8962,3
26294,8
33124,2
31590,6
7790,4
5221,1
4980,10
3795,4
34540,17
2994,3
4266,2
2860,2
1351,1
393,11
4571,38
1092,26
4708,13
32666,2
4275,5
52037,1
4185,1
46530,46
539,40
5788,9
2185,2
4994,14
26302,7
50619,1
52724,3
3441,7
4152,7
4740,3
55726,2
61470,1
63876,14
4211,5
6127,1
4336,2
48997,31
7114,2
906,35
5289,3
6762,1
27839,10
8520,2
6454,2
4195,8
8405,13
5450,4
4277,1
26898,7
59478,1
448,12
5572,3
4856,5
4154,2
5576,3
25905,1
31930,1
5923,1
2692,60
5891,14
5980,8
7992,1
2683,36
8191,16
1960,26
5466,3
6709,22
7073,6
26359,9
3923,2
38388,7
1078,9
698,3
8786,5
32302,1
1340,25
51903,5
5178,1
2376,19
47044,12
33072,8
25906,1
4442,2
1914,5
2067,59
55553,14
7011,5
272,15
48082,29
3993,34
4160,24
32211,17
64030,4
3431,2
6889,8
3178,7
1006,10
355,6
1757,40
4272,3
59044,2
1986,2
5365,1
3036,4
8952,2
5708,1
1093,17
3425,1
59018,14
1996,3
3549,7
4420,2
3728,14
1480,1
31934,1
8966,36
1608,25
3634,2
6403,1
6428,4
6867,48
596,41
923,92
31807,2
7488,2
65130,1
1332,1
4101,1
1484,2
26094,10
49817,2
520,26
2606,3
50066,2
1499,1
7837,1
5957,4
8482,11
6861,2
5418,67
61323,28
6276,1
4846,5
8727,1
1690,34
42217,5
56945,2
1674,12
6530,9
26554,19
3929,4
3102,4
5172,1
8855,1
4498,3
52722,77
2208,11
2040,1
6885,22
1057,9
1502,3
6659,10
6973,4
7313,4
45664,2
60393,2
7647,4
3516,1
1770,7
2329,122
47970,12
4161,15
354,3
3654,10
3444,2
213,7
6134,5
8334,5
63540,2
59900,9
5353,6
3525,2
34336,14
7046,9
808,1
3205,3
7259,8
174,3
7948,12
3526,9
6786,2
1390,1
6281,19
6890,17
8094,5
3347,8
2348,13
1446,32
3741,19
32239,2
7827,6
4958,6
2288,35
1084,35
31162,10
8384,1
831,2
6754,46
2644,39
7990,4
2632,5
917,2
27432,4
258,1
5650,8
6898,11
6916,1
31263,1
1003,2
1713,3
6645,31
8127,1
8739,6
3566,3
5792,20
680,16
6940,1
3782,1
57792,1
6022,5
40723,9
47274,1
4941,7
5245,2
3259,13
3822,2
59065,2
3872,5
4068,2
57223,1
52767,2
55995,20
2016,2
252,13
4194,13
8571,1
80,15
52287,15
8196,10
3300,11
2634,3
27830,2
6088,1
40815,89
58839,4
5985,4
55259,4
63131,3
36529,77
2503,27
8675,7
61350,3
6126,11
8136,1
4638,14
7327,15
58347,1
5614,2
33036,8
4201,3
5606,1
2708,1
3808,6
5560,4
7154,32
3877,4
4077,3
3374,7
3871,12
6059,12
5012,5
3397,11
33004,56
43391,33
506,11
64993,5
2964,11
44937,5
4320,10
4633,2
296,308
1556,17
8805,2
26746,2
2622,10
1603,2
40148,11
6775,6
4697,11
6152,3
2381,5
5139,11
5128,15
1185,16
1076,15
3282,1
63859,1
5779,1
3932,13
2788,26
8496,2
41285,49
33166,70
7074,3
1810,30
839,5
593,203
2961,5
8882,2
8643,7
2140,22
5455,1
33437,10
5461,1
4102,7
4728,14
4064,6
3448,40
6515,3
5068,12
2607,3
3896,4
6962,1
54256,2
26052,8
59834,2
3226,1
6934,120
5106,1
44840,6
62851,6
7743,4
33154,52
4673,4
2435,4
2127,1
7152,4
7934,21
43869,6
504,2
4345,2
46574,2
759,1
1344,16
3326,2
5114,5
7258,1
26996,1
31148,1
2117,39
2014,10
2447,11
5054,7
3086,4
2572,31
5678,4
5605,2
1537,3
2116,49
53953,22
1388,7
5093,5
7561,10
2024,1
589,147
6935,20
786,17
5323,5
61970,2
5310,2
7459,6
1297,16
1252,79
2375,5
56167,3
25736,6
3201,7
8208,4
5472,6
8056,1
59684,1
45210,37
2270,1
44397,8
44195,79
953,82
48301,1
2904,3
7901,4
4831,2
1437,1
4698,1
1263,50
45106,10
715,2
3700,9
1572,16
5824,1
3668,14
5072,15
4006,8
48711,2
4024,4
47264,14
6523,4
5807,1
3463,1
51498,1
4546,23
30848,11
2359,13
54978,4
4955,2
4871,1
5483,2
5002,4
7012,1
6819,1
8363,4
32598,7
6208,1
1894,15
8033,11
7062,6
2651,20
5000,3
41575,2
4522,1
4335,3
55729,5
2665,2
858,205
7235,16
7362,2
5590,2
3716,1
6998,3
60647,9
709,14
3624,11
1289,16
3819,18
665,20
44613,6
1791,3
43899,5
4700,8
37477,9
1815,1
6761,2
2721,5
9004,2
3825,19
1500,36
27005,11
3004,3
6656,2
1119,6
1681,10
26379,3
3182,1
3457,2
7093,1
57910,7
809,1
3584,1
49824,13
4881,27
25898,6
6195,4
6836,2
60760,3
4564,8
515,17
7232,4
775,1
4452,2
2857,11
5876,7
6755,18
6216,7
3244,3
574,4
34334,9
5338,1
2465,1
3373,1
2137,29
1566,11
2608,1
52712,6
2848,10
3986,10
27878,17
6214,12
6958,3
5082,1
49772,25
4033,16
3427,1
8132,10
6213,16
937,5
6375,3
4587,3
46231,2
4583,2
94,4
33817,5
1036,57
2405,20
58297,11
40337,1
3809,21
8483,2
7279,1
1128,2
3578,103
3093,34
47778,7
6685,1
7937,30
5730,3
6398,2
5457,1
4630,6
2429,5
6620,23
33138,4
4258,1
8907,9
1999,2
639,1
342,23
8641,29
2936,10
2502,82
6201,2
8118,1
3273,8
647,5
25870,6
4174,5
5950,1
6684,11
7416,5
40010,6
6977,1
39441,2
8377,1
47382,5
1466,37
3586,1
548,1
60763,1
3556,45
59295,15
6250,12
507,7
1162,14
55176,13
2353,40
26181,4
2189,2
5083,5
1939,28
436,5
6910,1
8292,3
5342,1
7099,64
46335,12
1417,2
3133,1
44511,1
1992,1
1747,41
5573,1
5875,2
50011,3
8003,2
6092,3
48412,10
5045,1
3451,33
5621,5
25916,11
3591,1
1281,33
3270,16
55274,3
26280,1
1518,1
370,31
2291,102
4366,10
224,14
6603,3
6302,1
26198,2
2201,3
59315,85
2561,3
6457,3
6730,1
6412,3
2398,36
8631,5
58595,1
27271,17
65,6
2262,7
7983,7
5085,4
7773,7
5710,1
8008,3
2425,1
26693,6
26700,12
1236,21
27905,5
5893,1
3064,1
7148,1
25793,1
3006,28
7307,9
5507,9
1264,4
5305,1
8158,3
7481,14
6358,1
64701,2
5277,1
3204,8
58293,10
26085,7
264,1
460,1
2535,3
7385,2
1678,6
1650,5
8686,1
6,37
4239,29
61348,2
18,24
451,3
7032,4
426,5
7305,1
1293,41
63433,2
46803,2
6408,1
26136,2
1797,5
867,3
3694,2
637,2
63237,1
918,14
3738,4
58309,1
550,4
43684,6
2093,2
5339,8
27735,2
3015,10
1081,17
8712,3
7919,13
5227,2
5202,1
25835,2
173,19
3905,3
2019,85
8507,28
3097,5
6402,1
37240,48
4981,11
2613,4
2085,29
3653,6
7153,202
6664,25
7052,1
7474,2
3979,12
52281,77
1873,6
34608,4
53921,8
5329,10
5432,1
5901,1
4306,121
2718,5
62801,3
301,2
31588,4
229,2
5942,4
8768,8
43710,4
4986,1
3005,9
53121,10
1291,81
7151,35
8494,4
4401,1
5993,1
81,8
6271,16
6568,2
26729,1
6951,13
2578,3
3758,1
4472,1
51037,4
103,1
1438,26
2417,2
240,2
8861,25
7986,2
6722,4
5854,4
1178,33
2358,3
6534,50
180,31
6678,3
3690,1
55451,24
2894,3
6913,2
5802,2
45335,2
6416,5
4520,1
6010,5
50796,3
6242,8
58105,5
490,3
7764,1
52005,2
965,28
3421,44
9017,2
4128,23
222,7
4330,7
59607,2
7315,3
1357,12
48856,4
44974,21
59731,12
3768,4
8931,1
1785,5
26464,2
5357,2
53129,16
4826,10
5423,2
25771,11
41627,5
2401,3
2761,24
7580,1
8604,12
49666,3
4487,4
8732,3
26688,2
51088,7
1335,1
49651,24
2674,1
32383,2
6875,2
59014,2
4255,3
32011,1
26479,7
1987,1
57550,1
1971,4
76,10
4078,2
8153,5
3928,4
4271,9
6394,3
52,12
4220,8
9010,9
2265,3
56060,3
2590,5
1632,1
3138,2
8781,23
7396,14
5334,3
5001,3
2610,4
518,3
2671,36
5685,3
1683,4
3310,21
8143,7
4025,14
53464,18
8477,20
1645,22
5105,18
7227,1
318,257
55814,30
30949,1
3197,2
53189,6
3361,11
7241,1
2560,1
4857,25
7288,2
2734,13
3810,1
353,55
1197,113
26269,2
2333,13
4350,8
3318,1
52867,2
1274,65
7845,1
541,195
2203,26
5107,18
4339,6
3450,14
1954,41
37475,13
8225,12
26803,3
8894,1
5216,1
5035,3
27736,2
8989,5
949,11
1292,21
7645,1
4915,1
4861,1
4016,28
2164,2
27408,1
5486,2
3437,2
6857,18
2822,7
27834,29
2672,10
3824,2
3316,5
47202,3
26240,1
5460,2
59721,2
5146,13
8865,28
4923,3
3990,2
5398,7
187,8
1017,14
3095,31
32369,4
4245,1
48304,35
25773,2
1267,69
27450,2
413,35
56030,1
348,24
4248,5
1176,14
1616,14
62511,5
5772,4
1702,3
551,84
31079,2
3925,20
8734,3
7704,3
3298,7
2648,25
6872,13
7872,2
5479,5
3977,32
7456,3
1044,4
26782,2
43910,8
42004,49
3258,7
154,19
5725,2
56719,1
38188,9
3710,11
26398,11
404,1
31367,3
8267,2
465,3
8754,15
4658,12
3396,35
8983,37
7282,3
4278,6
7022,39
7646,2
6690,1
1180,1
8392,1
434,17
64620,7
2076,41
256,12
61401,1
4907,1
1584,55
7318,45
27816,9
4267,2
1413,3
6309,5
8829,1
5926,1
41721,7
1928,2
1416,31
26425,2
50003,20
3860,1
46976,47
50912,8
56003,14
4224,2
4653,1
101,29
1945,40
4327,27
2924,9
59715,1
1899,1
163,25
4468,6
4018,10
34072,61
41527,25
6433,7
7699,1
1198,157
2159,7
54372,11
4000,1
271,2
4343,25
7886,3
6596,4
1629,1
30810,56
42734,28
6475,1
58154,13
3192,2
39449,15
32124,1
5108,7
2593,1
1892,11
3418,33
3660,2
1114,1
3893,11
48032,2
5642,4
7375,10
4210,25
4403,11
6017,1
1202,15
54934,1
1213,128
3529,8
2505,15
58975,7
61132,23
1924,11
1555,1
26318,4
5369,2
5077,1
55955,1
4975,94
7460,19
5784,1
27838,7
4254,2
5490,3
62439,1
8235,10
31584,29
1156,4
5756,2
1253,29
6584,3
6536,3
5829,6
4079,3
3165,1
26101,8
30892,1
8854,1
58315,1
5947,1
1243,15
5912,2
1760,9
469,7
7896,21
1974,7
3479,15
7166,1
2729,15
3044,16
25952,4
132,6
6404,6
6770,7
5367,18
3179,5
2123,3
5247,7
3443,1
42728,12
6320,2
8361,56
6064,5
6031,15
3735,16
4689,1
6985,11
472,3
50229,2
5717,1
4812,8
1684,6
3614,2
833,1
7792,3
1881,4
5480,2
2142,1
1380,50
5377,76
60688,3
25945,1
57509,5
4867,2
2972,12
6796,14
440,14
2108,17
6357,3
4135,1
6139,1
40826,17
946,12
25947,4
32300,14
1606,2
58351,5
37720,23
1835,12
55721,10
7373,45
8364,5
659,2
3968,9
57464,13
6487,1
5816,51
7319,3
33677,5
8947,19
2719,7
3371,3
8524,2
31083,1
2491,3
30659,3
179,1
882,3
1885,1
3033,51
897,5
7160,35
3827,7
7328,9
3478,7
6662,14
1627,11
1349,2
3052,53
973,2
4450,3
4974,5
64839,3
7450,3
2609,30
494,7
5809,7
5368,3
7205,4
484,1
5818,2
6486,1
7265,20
4448,24
3627,4
8484,4
7065,12
7444,10
5709,1
328,2
47465,5
2600,31
6290,5
5890,58
26713,15
898,28
4041,21
48520,13
5949,3
7005,7
5452,3
6759,1
976,7
8370,26
4600,1
765,5
6332,5
2853,2
420,6
26950,1
1834,6
8765,9
27734,2
4901,11
45074,4
7120,2
3600,1
3252,24
6101,5
58291,2
2677,16
4623,12
5915,2
4558,14
4833,9
2918,39
2180,6
5345,3
25886,7
6974,2
42018,62
2154,2
5684,3
6219,2
204,3
2144,22
620,2
25,31
2794,5
42723,18
33750,2
46865,4
4928,12
2383,5
47830,3
59022,5
3248,6
4231,4
7251,1
663,13
1265,108
4944,2
53322,27
56782,28
5094,4
49910,8
72,12
7490,3
2279,1
2539,14
2747,4
6822,1
190,7
5120,15
8922,3
25888,1
3121,2
4229,1
1773,1
1722,35
3002,4
31952,16
5017,6
7042,2
25995,10
41716,30
7584,6
6091,1
6884,9
7276,1
3543,8
4823,12
5840,4
1568,1
2654,14
1223,50
2090,15
8880,7
5419,4
2059,38
7486,40
1342,5
4694,1
324,7
6234,3
46974,20
6148,3
3157,17
2009,23
55250,3
45662,10
66,2
3078,3
6247,8
1665,11
8446,7
7333,3
6068,1
389,3
45081,16
4125,3
5008,26
8785,4
60037,11
2801,2
5715,2
671,34
745,54
44022,19
57534,15
7675,4
1447,2
365,4
33826,5
5910,2
3914,1
5157,1
705,11
7402,2
7925,31
2078,25
4214,11
3665,1
2695,1
3650,1
1573,30
5545,1
1615,3
4578,1
2618,1
2784,3
7236,8
44587,2
40966,23
4428,7
563,5
48982,37
48584,2
1169,6
5014,21
5670,4
350,17
942,10
1725,1
611,1
2793,6
4292,7
5415,9
6782,28
5231,2
6499,1
74,5
3704,21
32088,1
26662,94
40962,7
32593,14
5615,1
1711,11
5351,9
8651,5
104,25
196,4
7839,2
5773,2
3879,1
2662,26
1968,36
8930,5
5165,13
5766,1
1238,18
53038,2
8647,7
1053,1
2579,10
2074,11
1799,5
4023,15
7043,6
55851,2
2281,8
2738,1
31101,7
7811,4
6555,1
47815,1
52694,2
45658,2
8978,3
653,26
1995,4
3289,30
2926,14
7330,1
3701,6
4097,1
1921,75
2173,1
1531,3
1089,108
1042,14
2986,10
2406,34
7003,1
6206,1
1465,4
7314,3
3490,1
4246,82
1682,100
4786,2
6024,2
6751,1
43936,5
53883,1
2762,134
930,35
4144,31
8197,15
6509,12
3544,2
48161,8
57532,3
5509,1
5925,1
165,40
57522,2
6265,2
5297,10
8730,2
1228,71
45666,22
31225,7
33672,4
6455,2
8584,1
3883,3
36531,4
26495,3
3511,1
6592,3
3835,3
8923,6
7334,4
61729,5
27397,10
1801,29
3125,3
59795,12
3709,1
6008,3
30991,4
4081,1
2324,66
546,63
2028,114
7381,8
56607,14
49263,6
5134,13
6997,4
5346,5
3016,3
5726,1
2925,12
42736,1
58059,3
26819,10
7085,5
4582,1
3079,11
4406,13
4181,2
6294,7
4880,17
1387,65
6330,1
6504,1
27456,2
7938,20
50851,1
41831,1
8789,1
2011,46
27904,49
59126,4
4691,1
4447,86
6506,5
58879,5
5690,78
3725,3
5425,4
189,1
446,18
34583,6
549,4
3680,6
4213,1
49272,137
46972,27
45732,7
8123,4
33832,1
5435,1
40851,17
522,8
2602,2
1259,41
2258,2
50158,2
26578,1
2575,11
41617,5
233,14
7841,7
22,5
2421,11
3528,4
4858,1
6378,103
56805,13
1457,4
60566,2
44595,1
8015,2
5010,31
5907,2
6545,4
6537,75
46,5
83,1
2637,1
1111,15
7096,4
1611,9
46839,1
2863,21
4105,38
3341,6
2959,235
3755,37
44633,8
31737,1
3489,15
63082,17
59727,11
5159,4
1298,125
1311,1
2810,15
7614,11
25840,1
3008,15
8264,6
5426,1
8254,15
26246,1
4009,4
8833,19
927,5
4312,3
38824,11
5994,5
56941,5
5366,1
300,26
1912,7
7192,1
25893,1
6698,1
2953,63
2178,4
8701,2
1226,12
7147,142
1199,93
5955,21
1043,1
4241,3
232,42
4094,1
2303,19
5637,2
2612,6
3577,1
8969,19
44889,5
25868,10
8119,4
8779,2
8939,9
1884,76
4001,2
2915,11
48598,12
4654,8
8800,3
34164,8
51884,14
3331,2
27876,4
6971,37
2785,7
7126,5
4916,3
3551,9
1327,6
5224,3
610,6
202,3
58156,11
3271,20
27882,4
1688,10
208,24
1769,3
1271,32
1602,1
3113,25
25752,5
48877,6
6329,2
290,18
6794,2
4164,6
26082,23
54281,14
5156,2
2852,2
2891,1
6225,1
4225,11
7248,4
1993,2
8581,19
7437,2
36477,8
7913,5
6238,4
7206,24
34155,14
7117,1
2628,70
1952,63
122,3
6920,7
43556,5
2979,1
251,1
2064,21
407,3
7222,3
7650,10
61357,2
4711,1
2072,2
1250,66
61073,3
5005,3
5158,6
6687,3
59910,4
3989,22
60397,13
43917,4
6365,66
7976,7
3328,47
2075,10
7309,4
8042,7
37545,12
55687,1
43923,1
1762,1
4491,2
3823,1
8685,3
5389,4
6911,1
7361,221
3500,1
7442,7
3685,12
47646,2
25753,10
5370,1
3869,15
2485,35
61255,2
468,15
25941,1
4297,7
6689,1
6995,4
691,4
1562,24
8007,1
8481,1
4682,2
5047,14
26306,4
6401,2
27821,22
1346,8
1352,1
6202,1
8814,1
2034,8
52460,9
6038,1
7254,52
2530,6
49265,7
54274,6
1526,4
56156,17
79,1
4261,1
8782,3
34482,7
2261,1
32347,1
2174,39
43679,11
2031,1
3683,38
6868,6
4621,28
149,12
931,13
4874,25
59387,25
7257,2
2732,16
6790,5
6146,1
45501,22
2712,35
61011,2
55820,74
5803,9
44777,13
32060,5
7725,3
3628,1
3231,1
915,31
96,1
4046,3
8199,17
697,1
6003,19
2627,1
7883,2
2119,1
5413,3
4792,3
4878,120
5991,68
2778,1
3601,2
2458,1
6122,4
8751,13
43396,50
3461,9
1377,63
2033,10
5145,8
3590,1
25993,2
291,1
9008,1
3583,2
1034,2
2312,8
7493,4
47805,3
829,1
26488,1
1256,17
289,6
7081,4
415,1
2370,3
1301,18
3897,68
598,2
2390,9
57274,6
4459,2
778,105
2596,10
3598,8
3309,8
36397,5
3094,5
55052,32
8373,13
2290,4
6286,16
2482,3
60418,1
674,8
1955,24
88,6
33451,4
26472,5
6921,5
315,3
5927,1
42418,57
8589,12
5073,10
5649,11
425,5
6749,10
3696,2
3181,15
529,9
803,3
6705,6
934,7
2036,2
59604,3
2716,65
1895,6
41569,95
6187,14
1904,17
5164,1
7387,43
145,15
43871,12
6162,7
8869,3
50274,9
31251,3
2029,1
5016,9
7933,2
2975,2
42900,15
150,105
177,2
50259,3
2150,6
62434,25
6617,17
6858,15
2111,2
1348,19
592,89
3246,13
7991,16
5629,3
3459,1
7814,7
49932,12
3287,4
6725,8
7029,6
1860,2
5291,49
111,99
4506,7
7620,2
63113,14
477,11
4884,2
678,3
6511,5
533,1
7376,7
7303,12
5764,2
64368,1
2895,1
1979,4
4628,2
2237,7
6252,1
8252,2
1189,6
5009,12
1135,8
1997,31
4855,28
25764,8
41571,46
842,1
7371,44
3966,2
1957,21
7293,32
5379,13
2130,4
8859,3
500,61
31364,12
3074,14
306,27
47810,12
43914,6
6565,26
47644,20
944,5
60735,1
3698,26
7000,13
12,4
2897,7
6671,15
4340,1
5205,1
5276,2
2360,36
5160,2
1035,74
25996,8
48522,1
8458,1
27370,1
32781,3
6832,8
44788,24
2567,4
8636,100
3263,36
1617,39
7769,23
183,3
5789,1
2753,1
46578,167
983,2
6826,2
2653,3
235,45
2889,4
49282,4
2252,2
2819,11
1580,63
6441,11
25942,1
4971,1
7817,13
2880,3
26811,2
929,5
6954,8
7582,2
3404,1
2563,7
5839,2
1310,9
7340,1
5496,3
8502,1
7298,2
8698,1
7169,12
3536,8
666,2
8955,2
2557,1
62970,2
6886,4
6204,3
7586,6
60766,7
352,1
64716,1
8167,12
3268,4
3477,7
5763,3
62836,1
4168,1
2907,1
4671,6
62669,2
8421,1
1923,39
4970,10
39435,15
39427,17
3017,1
5879,7
7070,10
29,48
2314,3
2285,7
54278,7
55276,35
26171,10
3062,23
2929,14
7761,1
3539,1
8190,3
5761,2
27020,7
5318,3
4809,9
7009,3
6066,1
6143,4
8847,1
4305,6
6211,3
3892,3
26152,25
8905,7
37335,1
4863,6
8117,4
27266,32
3840,2
8228,11
2989,23
2282,3
42,2
39,35
27434,4
6390,1
5938,4
3188,3
5102,2
8455,1
2004,4
2015,2
1371,19
5626,2
58306,5
6232,4
52950,5
33592,3
2294,26
4235,75
26386,9
2746,14
100,2
4146,3
26170,1
3266,19
994,29
6382,3
5150,1
8665,39
59738,2
4114,1
7004,10
7458,48
6638,5
1258,128
6869,4
257,2
7061,3
8965,23
2919,10
5265,14
371,4
4872,2
2269,7
3756,4
33421,1
4868,4
60291,8
8920,4
36513,1
1866,3
316,42
8375,7
3713,1
2184,9
34063,3
2450,9
2061,1
7035,7
6051,12
6316,8
1827,8
7935,3
2342,3
1240,89
40955,9
4133,12
54193,1
31528,8
8014,38
33164,4
4204,1
4259,12
5793,1
4003,1
4556,1
8748,8
3190,1
1278,51
7104,8
7579,21
8766,3
6803,2
3458,1
7184,2
9011,4
34405,181
4477,2
3684,20
1123,8
7917,1
58492,2
6707,5
25971,2
53466,14
8129,1
56165,2
1927,28
46850,18
33966,7
4142,9
2046,12
7479,5
5762,1
6430,12
42094,6
3874,1
455,3
220,2
419,7
4014,47
50147,2
2723,9
25797,1
5363,1
7836,9
1285,30
56587,21
3173,9
1822,5
5777,1
6370,9
8900,1
1153,1
6699,2
8183,3
466,26
3766,2
1845,9
48262,11
55247,89
2243,15
6142,2
5311,1
5932,12
3607,1
6810,1
26842,3
3367,1
3875,14
5522,3
799,12
25833,5
2559,1
3111,5
1646,1
2352,8
8913,4
6145,1
44225,2
6950,5
6723,4
50151,6
3462,33
1272,53
55901,1
5390,12
3452,3
5101,3
225,6
4598,1
40819,87
6448,2
27803,31
26734,1
6230,3
7136,10
2391,17
733,35
932,4
34292,1
28,17
2571,223
6849,4
55765,46
1459,11
605,7
8260,3
52321,2
2826,13
3791,11
457,65
8236,2
1016,1
6163,20
5747,37
3254,11
27768,1
7321,3
4721,4
5431,7
6266,10
4690,4
3785,50
2122,8
2399,1
377,57
7174,3
1529,1
2345,1
2069,1
25891,10
1004,1
57669,33
1880,4
1605,3
8092,5
3176,86
54196,4
7216,1
7121,16
8797,2
7048,4
6641,2
64942,1
7420,2
3767,2
4848,139
58706,2
5192,1
2138,10
6542,7
8397,2
2457,3
4270,56
61646,7
4191,3
7941,17
1677,5
6588,1
2668,4
32128,1
2474,10
59519,3
7946,1
4351,17
2318,58
59590,8
47254,3
8273,4
1719,22
63853,2
47610,86
3729,14
39419,17
8480,6
6942,40
1188,34
3930,2
7189,1
26241,1
6474,2
8950,59
3334,6
3299,3
25828,2
3301,15
6876,4
38600,7
3688,7
1091,33
3267,11
4226,179
6337,7
4789,3
7325,19
58047,9
51834,8
6734,4
1695,5
2338,2
6978,7
3194,1
25938,2
42681,2
38061,48
5540,10
40959,10
5401,3
49130,15
5613,42
7243,5
6535,3
33454,3
2021,34
8337,16
32525,8
129,1
1220,81
2205,3
7067,9
5884,1
47907,1
7173,8
2985,39
39869,9
1934,6
6735,1
6772,11
1844,5
26915,11
8813,6
7208,7
114,1
61267,1
6784,1
62849,6
5620,19
1024,5
8912,4
3540,1
41411,1
1669,1
26704,11
62113,2
8424,2
5593,3
2509,1
1832,1
3719,6
1262,50
5026,24
4121,3
46967,10
32627,1
4438,8
93,1
52644,9
1323,1
52975,18
51575,14
48678,3
237,10
2581,16
4190,7
30825,11
724,11
3217,1
43836,17
64903,23
26663,2
8679,1
4234,11
2143,9
5459,28
47793,1
7261,1
1595,1
7439,14
394,2
8194,2
27685,1
32298,3
34271,26
31956,13
5373,9
6522,1
3814,17
4821,1
5896,4
1060,14
26271,3
48342,2
5256,8
164,14
8537,1
2472,1
1570,1
4207,4
3141,6
27523,2
1784,44
7106,1
2023,46
27899,23
5229,1
6795,2
52375,7
538,13
785,14
26562,1
1831,12
3779,1
5434,4
4171,9
5844,1
2652,2
7889,9
3235,3
5505,13
6100,5
5184,7
329,28
55069,10
5414,5
136,2
7398,3
58381,1
321,3
2010,24
852,15
5308,9
6020,2
4543,2
5442,3
7033,3
3480,2
3211,3
832,29
4640,10
6743,4
2379,2
6961,25
4732,1
3699,7
861,3
27611,3
7055,3
1969,3
36509,5
3083,12
7885,3
2928,5
2570,2
4992,20
1694,8
4804,4
60756,9
4930,2
7,19
6646,9
8959,7
6999,5
33145,2
6661,4
52885,9
2916,45
3029,3
65006,4
4949,1
2118,14
6969,2
3203,5
5399,1
2191,6
30818,4
41014,8
6778,1
7256,18
3712,3
6472,1
7079,10
7217,11
2742,1
4979,68
964,1
3357,3
743,8
5203,2
3423,1
347,3
40817,2
6435,4
63062,10
7181,7
5275,2
485,12
1487,4
4291,10
2337,19
2053,5
2955,2
54116,3
2248,14
1935,14
191,2
2883,2
4103,33
1883,20
30822,27
6733,2
53002,9
7921,1
6909,6
4005,26
27826,10
3695,1
7770,3
4263,4
27727,12
2636,2
1982,18
2354,2
2475,1
4926,1
6988,23
4485,3
5815,3
4017,7
1734,9
5140,6
6652,2
7372,2
8,2
547,2
8862,5
1906,1
6413,1
46572,6
1100,29
708,10
4381,5
312,1
2851,4
3777,2
974,1
47640,5
5383,7
5494,5
2660,4
7263,38
3852,6
489,2
6392,1
369,2
1520,1
725,2
27722,6
25769,7
53894,38
37857,33
31854,2
30712,4
1489,1
2824,1
8057,5
1395,3
4919,1
1704,67
2686,42
5161,2
7113,1
4951,7
27822,15
54001,16
7179,2
53435,9
7445,24
7808,1
6062,4
3658,3
6948,6
1275,17
3222,2
8639,1
6245,4
6682,12
31555,2
26491,5
4591,6
6498,4
2477,1
5087,2
4084,8
3806,4
27884,1
443,1
6779,1
56757,76
2278,24
33585,12
2693,13
382,10
7616,15
2805,8
1222,65
3072,22
2803,12
2983,6
32349,2
1028,35
3359,20
61678,1
40494,4
3354,16
1806,1
32139,4
8140,1
65126,2
8529,50
4402,2
6939,4
45028,19
5304,13
1030,17
1225,113
2048,9
4495,2
379,11
6877,2
1245,60
1366,4
1320,33
3998,5
53460,6
51084,15
2941,6
6882,5
8737,1
351,5
999,4
60411,1
2800,1
7178,2
2467,22
3988,28
866,53
7190,5
7912,1
7374,11
2991,28
27604,6
4795,2
1257,18
5,18
6144,2
4465,12
483,5
1821,4
8423,3
7812,4
1186,7
2471,7
52952,5
4095,13
39307,12
26249,4
7164,12
8623,6
3063,2
7063,18
1976,3
4228,4
2798,2
3251,10
5408,1
1133,1
4573,5
61075,3
5723,2
1816,3
216,11
1593,2
3238,8
5951,7
58146,1
26939,20
6445,1
2635,2
5438,1
60941,3
4462,1
6883,8
282,10
1932,15
3481,45
7255,4
26265,3
26796,5
39425,4
1126,2
48596,1
3468,21
5782,17
5122,1
8938,4
6197,16
89,7
2259,2
31410,67
32892,11
7138,1
3350,5
57401,3
7027,6
33558,1
5294,18
35836,127
992,1
7007,4
61048,2
1655,3
34162,76
3307,27
8720,1
2935,16
488,4
3024,1
44,10
8062,8
3054,3
5799,5
50802,3
2081,36
1552,32
1407,21
8875,5
3377,9
5038,8
26336,1
41,8
31467,3
8773,2
456,8
6322,6
8873,35
4967,9
3754,4
5149,1
6870,73
367,53
7378,2
4011,74
8404,4
57951,8
8138,1
2210,1
16,50
2448,3
3388,7
31422,4
62344,10
48414,10
7341,3
7245,2
4322,11
2439,6
1479,11
4744,2
1210,136
6500,3
60514,4
3670,1
7585,10
4770,1
3417,3
6615,9
7982,8
3804,1
45928,10
31804,21
3250,7
8227,1
3247,10
913,62
4464,6
40969,1
39231,16
4377,2
3365,21
26555,3
3508,17
7379,7
1626,3
2553,5
6235,14
5909,12
39292,68
8369,13
3862,1
33158,3
4535,15
6528,1
2225,3
4741,22
3980,8
8910,31
3043,1
3445,6
3742,19
4652,2
53974,6
44204,17
54745,11
45,12
31030,2
3495,2
54331,3
45668,27
4043,3
4642,41
4334,30
3249,1
26629,4
6483,7
45950,54
54259,44
8986,1
42632,21
32174,7
56788,64
2643,19
6548,8
6843,1
7336,1
7142,6
1925,5
6094,4
55444,31
629,1
4935,2
1270,119
8937,8
508,68
60046,3
5603,6
5646,1
6780,6
1094,20
5771,1
61167,6
5508,33
2057,2
8526,6
40833,2
3970,9
3887,1
2105,51
7326,2
6140,8
4725,15
63446,3
47099,31
3265,10
2837,4
4643,16
3269,2
482,6
2816,1
3262,14
747,1
4811,4
395,2
1477,1
971,11
6531,3
1305,22
6377,110
5475,10
7025,4
4966,3
2670,4
49649,27
2913,1
1382,1
3593,12
2409,31
6157,41
26134,1
47725,5
4193,1
280,5
6701,3
3405,2
31682,1
61250,4
8915,2
1147,18
5193,4
65037,7
50792,10
2990,19
8830,1
8845,1
1193,134
6756,18
6692,13
3278,2
64114,2
1235,32
34338,29
27866,8
55156,3
2323,1
2107,2
4321,6
3255,31
8617,1
4800,1
4178,8
1488,4
31042,5
30721,1
1610,57
43928,22
1321,26
6117,1
1218,16
8016,4
4529,1
2297,19
8010,3
4537,5
5870,1
5630,47
6305,19
8126,9
5900,3
7157,3
600,4
31705,7
71,1
2868,2
3927,12
48043,101
3706,18
357,29
5722,2
719,7
5599,16
4782,10
4158,2
1548,1
51540,37
8491,28
1792,5
5928,1
4415,2
30701,6
841,11
31545,1
50685,28
3066,7
52462,5
7080,5
1217,58
8619,1
2697,5
2896,1
2497,2
50800,1
7698,6
5998,2
4471,2
2516,3
3092,1
25777,6
26151,9
26133,4
45208,11
6093,8
5422,4
4597,1
30812,50
32632,1
4956,3
2821,2
8835,4
1150,2
8607,22
1926,2
3987,1
2238,8
6566,9
2532,3
32602,4
3358,1
6077,8
1943,3
49528,5
34143,8
26422,5
3195,1
2682,5
4788,3
1050,1
4344,27
4544,5
7842,7
5693,17
27873,5
1051,26
51698,5
4488,3
25954,8
8451,2
40412,4
59333,7
4099,1
3391,3
52435,11
32213,1
3116,1
58559,67
648,49
8755,6
26116,10
8485,5
432,1
606,1
4899,2
207,3
1231,40
7317,8
25951,3
54686,14
802,18
751,4
6132,4
2001,32
3132,1
2196,1
3337,1
8682,1
8221,1
8261,19
1604,7
1920,2
2152,1
2969,2
6058,18
47200,41
27865,8
61705,2
2000,41
1279,13
1129,23
4911,4
556,8
25766,3
27716,1
4208,2
3390,2
4348,1
54190,16
54768,2
58103,41
57538,4
3939,1
5785,10
4805,5
5348,7
5996,3
6108,1
2833,1
25934,1
2463,9
6185,4
8272,3
830,3
27875,6
6115,1
2825,1
7383,3
5023,1
4293,1
6769,1
4106,1
8659,1
7388,3
7566,11
42721,14
3894,1
4159,4
8972,28
5391,11
1329,4
517,16
1515,5
144,2
253,87
2993,34
4341,2
2687,13
2206,4
26544,2
2080,48
57530,2
1406,11
32019,6
5321,3
62999,8
512,6
6170,20
61742,3
7759,10
8532,5
2908,32
5902,82
31685,17
1975,5
6339,2
7713,7
5841,3
5062,2
1392,3
1097,94
5958,4
61354,2
5041,2
60147,1
4113,5
36708,17
5727,1
51014,6
2949,32
3723,11
47516,2
2126,7
3342,8
4925,1
6512,1
31660,20
49530,84
5769,1
6717,2
55071,2
968,29
3256,20
6503,26
41997,136
60753,6
6697,1
7346,14
1809,45
3332,1
231,48
3982,3
6179,1
8068,1
7454,29
8573,20
26131,28
1026,1
2639,9
7397,1
6296,13
48516,128
6982,15
1172,30
45611,1
5040,6
2850,5
26865,11
54734,2
27783,3
3569,7
1944,26
2330,20
1936,22
42011,24
2675,1
5033,6
3681,40
4636,14
2521,1
2236,5
5130,2
3604,1
1483,26
3296,14
2445,3
8736,1
1680,31
1333,58
7125,5
7418,2
1951,18
4395,6
60745,1
8232,6
700,3
2068,20
418,1
417,3
4412,1
5666,10
44761,43
8860,21
8911,10
6348,1
54775,9
8201,6
8977,35
3112,2
4437,15
152,5
5433,2
48744,30
27841,1
5151,5
56152,15
7578,1
4370,52
55282,7
3260,10
8967,1
26465,1
1248,22
5190,1
45361,1
6987,31
1973,2
51927,6
1461,2
6830,2
3863,14
8700,2
45672,25
4432,8
32375,1
2555,2
6610,1
903,60
356,195
32160,6
363,7
1670,1
5741,2
2807,2
7095,1
4745,11
2389,11
57526,6
2862,14
50253,4
1649,7
5283,10
4701,23
3114,69
4844,6
3058,1
31698,2
25866,6
55257,4
1675,1
433,1
25923,14
2268,51
188,5
6874,105
40586,3
4557,4
616,11
4149,5
61248,4
8290,1
47306,12
4500,16
3284,1
471,34
1304,41
8603,1
6777,8
5930,3
5080,1
51935,9
51007,1
4567,3
34189,1
60126,20
62293,7
954,59
1306,4
54780,14
60044,2
761,3
31038,4
6669,61
4356,6
1631,1
60894,4
6797,10
47894,9
5296,17
5604,9
6791,21
7272,9
178,4
3562,1
3324,6
5065,4
4052,4
61818,2
4424,2
7914,2
2193,19
45981,1
9,2
55178,1
5553,1
31255,1
42013,10
5025,4
4577,7
6817,5
5454,1
260,223
9018,27
6368,5
7077,2
2764,6
1961,76
31687,15
8133,23
6989,6
1224,22
1276,34
43908,4
33644,4
8541,1
3744,9
54510,2
5497,1
3608,15
3213,12
30745,3
4010,4
6229,3
4917,1
1657,1
6582,1
5382,7
3906,4
909,36
43708,8
4467,19
1022,24
2084,13
32456,44
4151,3
5569,1
6289,5
5400,18
8122,4
6473,6
5143,1
692,3
4446,28
34048,49
2566,1
2187,3
5212,1
8809,10
5619,17
6914,3
6541,34
7846,5
5707,4
3148,17
8004,1
4479,5
599,33
594,39
5127,4
35015,8
8499,1
57243,4
2427,42
3844,16
6452,5
60530,2
25795,1
4678,6
4688,9
63329,1
31617,2
5686,5
6966,8
105,13
52458,19
6263,3
60363,15
218,3
1059,42
4279,3
1161,16
25746,3
8372,5
5198,9
5943,6
273,6
1941,14
2423,48
4027,76
5675,5
4008,13
444,5
5868,1
4012,1
5633,7
7281,2
2284,6
3392,1
6516,2
2933,1
5196,3
48385,101
31347,9
5488,6
7487,25
2469,10
424,1
59369,6
4938,1
37830,28
49312,3
3622,5
6184,20
4290,1
1103,19
214,9
3679,7
5021,6
4977,2
8970,65
6679,9
55267,8
4007,16
4815,2
3974,5
46322,34
8661,3
8332,4
1972,2
27109,2
638,4
1962,22
1246,52
2006,29
4946,1
62437,6
7626,1
31770,2
2518,1
4973,183
4019,11
48883,9
26012,6
6306,2
5699,2
7202,2
5352,1
5591,2
2120,10
3455,1
6727,10
3010,6
2846,3
2867,4
1916,20
60069,62
276,18
236,10
3510,18
6251,8
49793,11
4256,2
30996,2
6926,1
6938,5
1496,7
6198,1
8866,16
7843,15
42009,2
3257,7
2968,32
2455,17
3152,15
7581,4
3789,8
8207,13
5301,2
7047,3
4072,1
762,16
309,1
2533,3
55063,6
27664,8
4451,6
33564,7
60832,2
32,171
4945,4
3051,1
5791,70
50658,3
4605,7
6067,4
8999,1
1876,32
5015,14
31424,10
33162,41
50153,2
31437,30
25839,1
62374,4
4646,9
6396,3
4575,1
8982,7
25757,4
7165,2
6277,1
6612,2
945,4
2432,4
5694,3
248,3
581,11
8714,5
6484,4
8367,3
4092,7
7280,3
655,1
61240,12
8792,1
5141,2
52356,2
2792,4
45499,80
8832,1
7491,1
3931,2
6297,25
5333,9
2886,5
8605,8
2731,42
4722,2
62956,2
25762,4
3615,5
6159,2
26513,6
45186,29
2089,12
4474,4
3077,7
27772,6
27801,43
59915,2
5969,6
4777,5
5264,1
3429,15
2877,17
2657,76
5987,1
1660,4
5465,1
5639,1
5825,12
8874,82
3484,3
3241,3
1385,5
5878,26
943,6
2802,3
47836,2
3550,17
4361,42
47642,2
27765,4
6815,24
4243,1
4960,1
1558,1
552,3
3587,12
7024,10
2022,33
1967,28
3264,6
1848,1
47124,3
31702,4
1025,31
54691,9
4304,3
3100,12
4932,7
1015,1
4132,1
2223,1
8987,4
6668,11
37955,2
1749,1
3619,7
48879,3
61257,1
3937,3
7345,1
481,10
7143,43
147,20
299,11
27820,14
42197,11
8609,5
2921,12
4841,1
3028,7
2422,20
5652,2
2864,1
8456,1
893,3
51666,3
7369,8
43560,21
32291,9
7714,8
4180,4
31435,16
4509,5
6493,1
303,8
3747,3
250,1
7100,2
2664,16
50347,6
8884,5
6459,4
6492,1
55080,10
6839,1
307,34
26117,4
27674,6
6291,25
1023,6
7981,22
33312,7
8069,1
3606,6
461,3
26178,3
49347,18
5682,2
8533,36
3325,5
8752,1
64497,3
50149,2
5618,168
33880,25
1644,1
565,16
1090,75
4020,9
7951,1
7310,2
7809,8
4480,2
49284,9
4316,2
860,1
6226,3
62792,1
5944,29
5410,23
6440,33
3145,3
51911,4
2384,40
5528,34
6338,1
1233,53
1856,8
51660,1
2194,47
41573,18
1619,14
1853,1
7068,11
8169,2
6427,4
6623,3
435,9
3018,16
33834,12
5679,86
6323,24
1173,19
1482,1
2362,5
43333,11
1187,2
2188,2
5697,2
5608,16
8257,12
380,48
32162,1
880,8
358,4
3020,15
2414,9
2519,9
3799,2
26138,5
4873,50
1255,20
27391,7
798,4
6519,2
6207,2
6273,12
3891,1
48600,16
1353,3
234,3
8582,17
32617,1
3594,13
3638,29
5500,12
789,4
1393,34
4806,2
1875,8
31420,3
8960,1
948,22
3611,2
8958,42
2939,3
1290,4
467,1
2597,5
5582,1
5530,2
148,1
7168,2
33660,57
58655,2
935,8
4566,3
7066,7
6203,3
62250,1
30707,111
1214,116
7297,15
2146,8
7355,1
2976,20
2296,9
2470,9
52283,3
2211,5
509,50
2436,6
6618,22
8426,3
2527,8
5837,1
6461,1
6813,2
3588,7
8528,28
3223,11
1840,7
2759,2
26566,3
3153,1
3294,1
6104,13
737,4
7822,1
5282,1
6888,12
26148,2
27788,23
5612,6
7918,10
2335,9
54513,7
6383,11
7149,13
27828,1
7980,20
201,5
47723,1
3732,3
783,12
4308,64
390,11
4801,2
5716,2
1398,1
7619,14
2882,6
45503,5
31193,11
8019,2
2131,9
2322,1
1858,2
5643,4
26745,1
2888,3
1391,32
4649,8
4314,1
54270,1
3471,58
5864,1
33615,30
4717,2
8849,7
3916,81
1047,17
2181,6
3115,2
5853,4
2442,13
7448,4
6123,2
6650,17
1429,10
837,56
54997,25
8239,15
410,15
3620,10
4198,2
4776,28
4482,1
5677,2
40574,3
1282,41
4969,6
3303,1
61967,1
56885,9
52604,32
2121,5
5975,3
50189,2
54962,4
3019,8
4285,2
62155,3
4734,35
32853,8
1132,10
31053,1
4865,63
8689,2
6970,15
49526,4
7195,1
3761,2
26483,1
57370,9
6463,1
26242,28
8951,24
4814,7
7118,9
125,3
7050,3
2012,39
97,36
924,153
2517,8
45679,6
3889,3
4957,3
53972,23
6267,2
535,30
4346,1
26462,5
279,1
32587,172
59336,17
2995,7
1337,4
9002,3
27491,2
5032,1
6178,4
6804,2
5749,1
7521,2
2706,35
44189,5
2266,1
2361,12
7897,17
6196,3
31433,1
1641,19
2694,5
26350,9
33688,1
5986,2
588,63
7034,65
4433,8
7180,1
5327,2
4219,5
25943,3
6345,5
26155,3
5588,1
6078,8
1358,22
5246,2
4978,10
40278,48
5238,2
8897,1
562,9
1991,2
1148,74
277,27
8195,21
6558,3
3902,1
8504,2
27721,26
58806,5
57326,6
6258,5
26686,1
2735,1
4333,7
4303,1
2529,33
780,106
6993,23
6710,2
4787,1
4687,4
5983,1
8387,3
3494,3
6965,1
6731,17
801,2
51174,8
31903,2
6158,2
43558,4
7952,1
1345,42
2451,5
47629,61
3784,5
5237,1
338,9
6593,16
59313,2
55732,7
3440,21
8366,24
1361,5
26614,6
5424,1
1200,98
2334,13
3046,7
3811,12
6041,5
8634,1
7193,6
6269,4
4768,3
696,1
2461,1
59908,2
3199,2
31,13
2431,38
6551,1
4664,1
8422,8
4666,2
31445,1
1049,9
4396,8
505,1
3813,7
8724,8
61253,1
951,26
8916,7
7187,1
8613,1
49524,24
1938,17
5180,2
6665,3
4253,1
4503,1
608,130
1171,6
3447,6
6893,9
30894,4
7483,2
2241,1
6957,32
2506,6
53737,2
6303,14
5267,10
6233,1
4416,2
1167,1
156,3
38,2
15,3
2275,5
1687,2
3565,4
31998,14
4714,6
8025,2
7720,9
2646,3
25930,2
37736,17
45517,53
59141,20
1966,9
5760,1
56563,13
2870,3
1411,18
38994,4
36533,2
3406,1
2087,38
5602,11
970,2
1373,15
6192,3
6763,5
7844,5
5607,4
7932,17
1931,15
2125,50
1086,32
25855,30
3802,3
2573,1
1260,47
56251,5
3336,1
681,12
2380,3
2490,22
3175,25
5999,3
8379,6
3513,5
5066,10
43932,7
7984,11
5651,1
26185,1
7016,11
885,5
44949,1
4034,69
2396,32
7587,15
1007,3
728,6
55555,10
6586,10
6863,36
2351,19
3849,14
26585,3
40414,22
32261,4
171,5
3317,45
44168,7
8611,1
3836,5
170,35
4155,2
6959,7
1261,36
7010,1
1008,2
1513,25
7367,17
818,4
3682,3
8667,7
2367,5
5971,63
3034,14
2453,5
46855,6
2177,3
52591,4
523,13
6774,18
7087,7
61279,2
31086,2
49422,1
45447,62
6331,19
6080,2
6583,7
8595,1
4326,18
6611,18
6945,3
55245,11
2106,2
1190,9
4296,10
3599,1
6561,3
2951,60
2273,13
39400,4
4489,15
6881,12
27744,14
3472,1
5417,2
910,44
6683,12
54999,27
185,31
8844,1
8360,89
4090,6
58303,17
27587,1
3435,54
4389,4
7560,13
7008,15
44657,7
37211,4
3999,7
230,14
3040,2
4426,10
2170,2
7144,1
5331,1
1589,16
62299,1
6956,3
7167,3
26776,41
55363,20
3547,4
44494,1
1096,23
7244,5
7944,3
8035,1
8512,5
2598,10
1981,4
2481,1
53004,2
4196,1
60295,2
1929,7
6485,10
2013,12
6301,44
1408,16
8864,3
205,1
2500,2
4223,43
1307,44
2937,5
2112,6
3304,1
7569,35
1841,2
7771,7
3645,14
32022,6
31260,2
8403,2
2531,3
753,1
1930,5
7290,1
8521,9
4318,8
8577,2
5729,1
3087,20
6932,26
49276,3
5104,1
49396,22
3274,5
8767,1
5691,2
4942,2
32674,3
59594,8
266,13
7826,1
47956,1
6279,6
26564,3
959,2
636,3
45720,50
7482,24
7756,11
26049,1
1425,5
1104,43
1779,42
3169,3
1208,136
31923,14
56158,3
6311,5
3749,1
33830,8
57536,3
2525,1
44073,1
941,1
3276,1
5933,3
2730,25
2700,61
58972,9
956,2
26150,25
305,5
492,3
32031,14
3261,4
911,16
45183,9
1381,6
3859,3
4553,30
1445,5
6502,69
7833,3
495,10
1509,4
4069,7
40614,25
3163,10
6963,6
7107,3
6422,7
6927,4
5765,3
4045,1
1717,28
8946,1
5476,2
1085,2
215,52
1287,46
3415,18
10,53
524,9
5481,24
3339,3
1476,13
36519,16
8851,1
57,4
7748,12
53887,4
344,35
4478,12
2369,8
27843,41
51925,11
59729,2
5288,29
4073,1
1542,6
3011,5
6379,3
4310,78
5022,16
44301,16
4497,8
26770,6
7583,1
3996,99
3216,8
8856,1
160,8
2411,11
4032,1
1897,5
7001,9
3519,4
4085,24
3632,4
50068,44
6288,5
3108,27
8608,5
59306,1
7209,14
6183,12
8626,1
1917,58
6729,5
43912,5
64229,3
7410,3
7728,4
33358,9
947,21
6021,7
37844,1
4236,5
6771,1
7156,19
39444,21
3210,22
707,16
8794,1
2249,10
30803,29
2042,10
4484,5
2873,1
5255,2
51277,6
7044,17
6001,20
33823,3
405,6
32584,7
3171,3
5385,6
7786,6
7745,1
5828,1
60074,30
55830,15
1588,1
4580,4
64614,9
901,3
4384,1
32600,5
34,30
5787,1
4999,1
3880,1
4683,2
5872,40
55116,2
8654,1
7394,1
1374,57
40870,29
26680,16
952,10
4661,2
8478,1
1731,1
59103,9
60161,2
1365,1
5074,4
8908,3
9000,1
7775,1
3926,1
1994,37
3014,1
1772,10
1266,70
53000,36
2649,1
3635,31
922,77
2052,1
60,1
2083,26
5099,1
121,4
4338,8
1958,51
5974,2
3618,4
6260,1
1685,3
50064,15
3649,6
7094,1
2709,17
5965,7
56801,7
58,13
2310,2
5754,2
4771,3
7936,11
8971,1
1191,19
4499,13
34542,51
2134,10
5820,15
804,3
5386,1
1693,13
4837,3
59105,2
1547,1
722,1
3626,3
55020,2
3172,5
8574,5
4469,6
5443,1
3355,24
2890,40
1544,31
7219,1
8974,10
3771,1
8933,2
1356,35
1754,6
4066,2
52042,16
2720,2
668,18
26870,3
2701,28
3398,12
1331,1
5533,1
4282,9
33499,8
30749,125
537,5
5103,5
1977,4
5515,1
2944,15
42015,9
628,44
7019,1
54648,5
35957,17
6599,4
6215,5
51127,1
1980,1
39052,14
748,8
5489,15
6996,4
1672,22
7888,2
5995,82
4349,16
5380,17
729,3
46559,17
13,3
92,4
7059,11
33136,5
6842,15
4892,1
6086,2
4756,1
1283,36
3351,1
3330,3
5564,1
764,1
8740,13
1959,32
3952,5
48909,1
8542,6
4517,1
1833,7
41025,2
7742,5
194,14
8666,43
7942,2
1020,15
2966,18
41585,8
702,9
6366,5
3105,23
7018,13
5609,3
42738,43
59985,2
1066,4
7365,17
376,3
25901,2
3564,4
26567,2
5183,1
8711,7
33685,6
39183,159
5109,4
3340,4
8758,1
6809,1
4173,5
7253,2
5653,8
662,1
7891,14
5244,5
48696,31
2655,3
110,130
2879,3
2346,3
6460,4
704,3
3967,86
4816,44
6264,5
6750,3
4563,3
5833,4
4367,63
40491,2
7894,4
8640,28
4407,9
4347,6
8585,2
2229,2
2710,34
34129,4
8575,4
4773,2
8918,8
4998,11
31104,3
34353,1
5541,14
34359,1
5243,4
50842,7
57504,3
7899,3
3692,4
288,41
3032,14
2454,12
42732,6
445,1
1073,61
736,32
6256,2
1475,2
6538,27
7299,17
4044,2
8868,8
3473,9
8660,4
4302,1
8780,2
5935,3
5989,69
8638,42
6744,8
40629,97
1280,27
3911,31
3947,20
2198,1
3644,4
31694,10
1303,9
2443,1
4590,2
161,15
6341,6
788,19
55272,12
3285,11
1783,2
31447,1
5467,2
33168,1
7440,10
26111,6
34538,3
3946,15
7335,12
34002,3
6354,1
667,1
4458,3
64918,2
2906,7
6598,2
4963,94
8395,1
2917,22
3147,84
34534,7
5813,5
26226,4
33321,1
6724,9
3857,1
3736,15
3214,6
337,39
8488,2
43376,15
5842,1
836,13
50806,2
5078,1
59037,6
5611,6
26211,3
58803,24
5961,3
32625,1
3708,2
6818,15
2382,4
7884,2
543,8
32469,2
8461,1
470,3
602,2
1284,48
2393,27
6182,2
6801,1
6074,1
60072,27
1508,1
1850,1
3933,1
6721,5
47117,2
44193,10
34648,6
2182,3
53999,3
4769,8
31696,28
56176,4
34326,2
6466,4
27741,24
2047,2
6587,5
3854,7
26524,4
51418,11
542,2
57484,1
1441,37
27584,9
37380,23
3189,11
4794,14
7947,3
45431,41
223,83
2641,29
2328,5
31522,16
5436,2
4082,5
2392,1
497,29
5847,2
8784,63
1732,122
6906,2
54286,74
2066,12
31689,9
5121,10
8783,48
4898,2
6681,2
54272,44
3847,4
5906,1
5051,11
3895,3
8795,2
63992,4
6450,1
2478,50
757,5
34319,44
1018,2
2153,7
4192,2
50160,11
61352,5
270,1
5954,24
48783,32
3135,2
3881,2
9014,1
6953,65
5144,1
7492,7
3769,1
4153,5
34437,52
52967,6
52973,51
3098,20
3581,3
5561,1
3090,9
2615,1
3283,1
25964,5
36,50
920,101
3039,26
7123,22
3631,3
8362,20
3873,7
5210,2
7014,2
6764,7
6776,11
5478,1
2998,1
339,24
1456,1
2828,4
5440,7
630,1
8268,9
544,2
990,2
6601,1
1503,2
6975,2
1590,31
48416,11
7818,7
6626,1
44731,2
1069,12
25999,4
982,2
1594,1
7277,1
4111,1
4677,7
59258,2
1204,80
39446,29
4217,1
1359,1
26158,6
54276,14
55269,71
750,147
6155,7
4723,1
54771,6
39408,4
8838,5
4028,1
8202,7
52717,5
3832,5
2942,7
3506,2
58622,5
6096,2
27700,45
8810,19
1965,22
6218,85
3955,1
60289,10
3984,23
5313,4
2245,10
7238,12
8382,1
383,5
4051,3
781,5
6070,5
8131,3
27193,5
4087,1
7228,5
4096,2
26313,3
56949,8
4166,3
6768,13
6042,2
4614,3
8914,56
2316,15
1157,1
8125,14
64285,8
59,1
650,3
1765,1
49286,29
4329,21
26698,1
6047,2
31150,4
5881,27
6380,10
5470,15
991,3
44864,2
8921,5
36276,20
51638,9
869,1
2365,3
381,7
7056,4
58490,8
69,3
3110,1
5168,1
2088,9
30952,1
59501,22
37382,20
52241,12
1707,3
155,2
3375,2
1125,15
162,15
340,2
7084,8
30793,91
1727,8
3720,2
49132,25
5525,26
116,17
7323,32
7078,5
8657,1
7175,2
2582,6
7637,11
8393,3
1663,12
53993,10
7086,10
3127,5
5088,10
5027,6
8633,8
372,16
6395,9
1753,11
5759,2
41566,124
1956,16
25940,16
2280,4
3770,4
4040,1
107,16
7069,15
141,20
26743,2
36537,15
6827,3
6783,19
6057,2
4616,5
3068,8
3104,4
25899,2
2780,8
6887,11
694,1
7162,43
3623,29
4476,2
3917,3
3031,1
56511,1
5992,60
8645,39
50601,17
5797,10
5916,1
5437,1
5956,48
4216,12
46337,1
3400,3
590,84
32882,5
3219,2
50162,2
5941,5
5335,4
2204,4
53519,15
6609,7
26695,2
58367,2
54958,2
6992,1
6814,1
1014,10
1029,28
7766,34
5796,18
3438,18
53956,8
4574,1
2109,7
1829,2
4662,2
2739,12
5959,13
26494,3
499,1
61024,7
2460,8
3387,2
8291,1
2871,19
5767,2
6850,2
33836,23
8070,2
56274,10
835,2
26677,1
31427,10
49280,8
1177,8
1149,2
5892,2
3060,17
1628,1
45635,17
53447,3
1900,7
2082,10
3527,47
7360,33
8994,2
8121,3
2366,35
7649,12
6946,2
7613,2
2025,4
2930,1
7453,1
5328,2
64622,1
1656,3
31408,7
4413,3
37733,41
5529,1
75,1
4203,1
59421,1
6837,1
2320,5
1887,3
5644,9
50005,22
1286,8
6285,1
4100,1
2997,98
3061,9
4706,2
40583,61
326,9
7648,1
48698,13
47978,5
3,12
3030,37
38499,14
1658,4
5314,1
32657,2
3130,7
4939,5
25975,1
1237,60
519,10
62010,3
3103,4
7438,137
2745,15
7115,9
7881,3
2308,1
631,1
7723,1
3963,1
54290,6
3313,1
5218,46
51304,14
7242,2
585,4
4056,5
7702,2
849,10
1033,10
8588,2
1414,1
6220,5
26903,22
7949,2
6467,1
4802,5
54995,28
37386,44
26048,3
2200,1
44849,6
33639,20
32352,1
6175,1
4425,3
5312,7
26326,1
2950,8
7177,7
4355,3
1942,22
26230,1
7324,12
540,19
7831,3
3740,18
7072,7
7239,1
2097,9
3676,29
2948,31
2752,2
4954,9
1985,3
54284,1
1175,47
4718,20
907,4
6972,2
26375,4
7414,1
3534,9
6808,10
3991,3
6862,3
3065,1
3691,7
8531,3
1064,4
4989,1
4516,1
5292,9
2783,3
2839,2
8968,3
7898,1
3788,33
36517,79
6407,3
4887,6
4187,6
7348,6
5804,4
198,34
32289,2
44694,47
8600,11
6859,2
45440,7
4601,1
54004,8
2395,38
8154,21
1519,1
1497,2
3816,4
2625,1
2512,6
1546,7
6550,8
1203,76
3678,3
51939,5
3535,52
627,7
4392,7
2110,4
926,39
47518,10
55926,1
36553,4
39381,14
2815,1
2287,4
5869,1
95,11
6812,3
3394,1
112,13
4029,6
6700,2
8956,1
7382,34
33493,91
3476,20
25850,5
34065,2
2155,7
6980,5
27776,3
1216,17
47394,4
3146,2
8622,130
1569,32
55805,17
2488,17
7572,7
2513,7
61473,2
1127,29
4212,7
6936,43
39715,10
45442,15
52328,17
5204,1
688,1
7204,2
7135,11
39474,1
1083,2
7210,2
8742,2
368,14
6052,1
